movie_id,title,genres,overview,vote_average,release_year,poster_path,industry,is_trending,is_popular
1,Inception,Sci-Fi|Action|Thriller,A thief who steals corporate secrets through the use of dream-sharing technology is given the inverse task of planting an idea into the mind of a C.E.O.,8.8,2010,/static/images/posters/1.jpg,Hollywood,1,1
2,Interstellar,Sci-Fi|Drama|Adventure,The adventures of a group of explorers who make use of a newly discovered wormhole to surpass the limitations on human space travel and conquer the vast distances involved in an interstellar voyage.,8.6,2014,/static/images/posters/2.jpg,Hollywood,1,1
3,The Matrix,Sci-Fi|Action,"When a beautiful stranger leads computer hacker Neo to a forbidding underworld, he discovers the shocking truth--the life he knows is the elaborate deception of an evil cyber-intelligence.",8.7,1999,/static/images/posters/3.jpg,Hollywood,0,1
4,Avatar,Sci-Fi|Action|Adventure|Fantasy,A paraplegic Marine dispatched to the moon Pandora on a unique mission becomes torn between following his orders and protecting the world he feels is his home.,7.9,2009,/static/images/posters/4.jpg,Hollywood,0,1
5,The Martian,Sci-Fi|Adventure|Drama,"During a manned mission to Mars, Astronaut Mark Watney is presumed dead after a fierce storm and left behind by his crew. But Watney has survived and finds himself stranded and alone on the hostile planet.",8.0,2015,/static/images/posters/5.jpg,Hollywood,0,1
6,Arrival,Sci-Fi|Drama|Mystery|Thriller,"Taking place after alien spacecrafts land around the world, a linguistics professor is recruited by the military to investigate and determine whether they come in peace or are a threat.",7.9,2016,/static/images/posters/6.jpg,Hollywood,0,0
7,Ex Machina,Sci-Fi|Drama|Thriller,A young programmer is selected to participate in a ground-breaking experiment in synthetic intelligent life by evaluating the human qualities of a highly advanced humanoid A.I.,7.7,2014,/static/images/posters/7.jpg,Hollywood,0,0
8,Gravity,Sci-Fi|Thriller|Drama,Two astronauts work together to survive after an accident leaves them stranded in space with no tether and no connection to Earth.,7.2,2013,/static/images/posters/8.jpg,Hollywood,0,0
9,Prometheus,Sci-Fi|Adventure|Mystery,"A team of explorers discover a clue to the origins of mankind on Earth, leading them on a journey to the darkest corners of the universe. There, they must fight a terrifying battle to save the future of the human race.",7.0,2012,/static/images/posters/9.jpg,Hollywood,0,0
10,Blade Runner 2049,Sci-Fi|Action|Drama|Mystery,"A new blade runner, LAPD Officer K, unearths a long-buried secret that has the potential to plunge what's left of society into chaos. K's discovery leads him on a quest to find Rick Deckard, a former LAPD blade runner who has been missing for 30 years.",8.0,2017,/static/images/posters/10.jpg,Hollywood,1,0
11,The Dark Knight,Action|Crime|Drama|Thriller,"When the menace known as the Joker wreaks havoc and chaos on the people of Gotham, Batman must accept one of the greatest psychological and physical tests of his ability to fight injustice.",9.0,2008,/static/images/posters/11.jpg,Hollywood,1,1
12,The Dark Knight Rises,Action|Crime|Drama|Thriller,"Eight years after the Joker's reign of anarchy, Batman, with the help of the enigmatic Catwoman, is forced from his exile to save Gotham City from the brutal guerrilla terrorist Bane.",8.4,2012,/static/images/posters/12.jpg,Hollywood,0,1
13,Batman Begins,Action|Crime|Drama|Thriller,"After training with his mentor, Batman begins his fight to free crime-ridden Gotham City from corruption.",8.2,2005,/static/images/posters/13.jpg,Hollywood,0,1
14,Man of Steel,Action|Sci-Fi|Adventure,"An alien child is sent from his dying planet to Earth, where he grows up to become the protector of mankind.",7.1,2013,/static/images/posters/14.jpg,Hollywood,0,1
15,Wonder Woman,Action|Adventure|Fantasy|Sci-Fi,"When a pilot crashes and tells of conflict in the outside world, Diana leaves her home to fight a war, discovering her full powers and true destiny.",7.4,2017,/static/images/posters/15.jpg,Hollywood,0,1
16,Zack Snyder's Justice League,Action|Adventure|Fantasy|Sci-Fi,"Determined to ensure Superman's ultimate sacrifice was not in vain, Bruce Wayne aligns forces with Diana Prince to recruit a team of metahumans to protect the world.",8.0,2021,/static/images/posters/16.jpg,Hollywood,1,1
17,The Suicide Squad,Action|Adventure|Comedy|Sci-Fi,"Supervillains Harley Quinn, Bloodsport, Peacemaker and a collection of crazy cons at Belle Reve prison join the super-secret, super-shady Task Force X as they are dropped off at the remote, enemy-infused island of Corto Maltese.",7.2,2021,/static/images/posters/17.jpg,Hollywood,0,0
18,The Batman,Action|Crime|Drama|Mystery,"When a sadistic serial killer begins murdering key political figures in Gotham, Batman is forced to investigate the city's hidden corruption and question his family's involvement.",7.8,2022,/static/images/posters/18.jpg,Hollywood,1,1
19,Joker,Crime|Drama|Thriller,A mentally troubled stand-up comedian embarks on a downward spiral that leads to the creation of an iconic villain in a grim Gotham City.,8.4,2019,/static/images/posters/19.jpg,Hollywood,1,1
20,Aquaman,Action|Adventure|Fantasy|Sci-Fi,"Arthur Curry, the human-born heir to the underwater kingdom of Atlantis, goes on a quest to prevent a war between the worlds of ocean and land.",6.9,2018,/static/images/posters/20.jpg,Hollywood,0,1
21,Iron Man,Action|Sci-Fi|Adventure,"After being held captive in an Afghan cave, billionaire engineer Tony Stark creates a unique weaponized suit of armor to fight evil, becoming the superhero Iron Man.",7.7,2008,/static/images/posters/21.jpg,Hollywood,0,1
22,The Avengers,Action|Sci-Fi|Adventure,Earth's mightiest heroes must come together and learn to fight as a team if they are to stop the mischievous Loki and his alien army from enslaving humanity.,7.7,2012,/static/images/posters/22.jpg,Hollywood,0,1
23,Avengers: Endgame,Action|Sci-Fi|Adventure,"After the devastating events of Avengers: Infinity War, the universe is in ruins. With the help of remaining allies, the Avengers assemble once more in order to reverse Thanos' actions and restore balance to the universe.",8.4,2019,/static/images/posters/23.jpg,Hollywood,1,1
24,Avengers: Infinity War,Action|Sci-Fi|Adventure,The Avengers and their allies must be willing to sacrifice all in an attempt to defeat the powerful Thanos before his blitz of devastation and ruin puts an end to the universe.,8.4,2018,/static/images/posters/24.jpg,Hollywood,1,1
25,Captain America: The Winter Soldier,Action|Adventure|Sci-Fi,"As Steve Rogers struggles to embrace his role in the modern world, he teams up with a fellow Avenger and S.H.I.E.L.D. agent, Black Widow, to battle a new threat from history: an assassin known as the Winter Soldier.",7.8,2014,/static/images/posters/25.jpg,Hollywood,0,1
26,Captain America: Civil War,Action|Adventure|Sci-Fi,Political involvement in the Avengers' affairs causes a rift between Captain America and Iron Man.,7.8,2016,/static/images/posters/26.jpg,Hollywood,0,1
27,Thor: Ragnarok,Action|Adventure|Comedy|Sci-Fi,"Imprisoned on the planet Sakaar, Thor must race against time to return to Asgard and stop Ragnarök, the destruction of his world, at the hands of the powerful and ruthless Hela.",7.9,2017,/static/images/posters/27.jpg,Hollywood,0,1
28,Guardians of the Galaxy,Action|Adventure|Sci-Fi,A group of intergalactic criminals must pull together to stop a fanatical warrior with plans to purge the universe.,8.0,2014,/static/images/posters/28.jpg,Hollywood,0,1
29,Black Panther,Action|Adventure|Sci-Fi,"T'Challa, heir to the hidden and advanced kingdom of Wakanda, must step forward to lead his people into a new future and must confront a challenger from his country's past.",7.4,2018,/static/images/posters/29.jpg,Hollywood,0,1
30,Spider-Man: Into the Spider-Verse,Animation|Action|Adventure|Sci-Fi,"Teen Miles Morales becomes the Spider-Man of his universe, and must join with five spider-powered individuals from other dimensions to stop a threat for all realities.",8.4,2018,/static/images/posters/30.jpg,Hollywood,1,1
31,Spider-Man: Across the Spider-Verse,Animation|Action|Adventure|Sci-Fi,"Miles Morales catapults across the Multiverse, where he encounters a team of Spider-People charged with protecting its very existence.",8.6,2023,/static/images/posters/31.jpg,Hollywood,1,1
32,Spider-Man: No Way Home,Action|Adventure|Sci-Fi|Fantasy,"With Spider-Man's identity now revealed, Peter asks Doctor Strange for help. When a spell goes wrong, dangerous foes from other worlds start to appear.",8.0,2021,/static/images/posters/32.jpg,Hollywood,1,1
33,Deadpool,Action|Comedy|Sci-Fi,"A former Special Forces operative turned mercenary is subjected to a rogue experiment that leaves him with accelerated healing powers, adopting the alter ego Deadpool.",8.0,2016,/static/images/posters/33.jpg,Hollywood,0,1
34,Deadpool & Wolverine,Action|Comedy|Sci-Fi,"A listless Wade Wilson toils in civilian life. His profile as the morally flexible mercenary, Deadpool, behind him, when a sudden threat to his home universe arises, he must team up with a reluctant Wolverine.",7.9,2024,/static/images/posters/34.jpg,Hollywood,1,1
35,Doctor Strange,Action|Adventure|Fantasy|Sci-Fi,"While on a journey of physical and spiritual healing, a brilliant neurosurgeon is drawn into the world of the mystic arts.",7.5,2016,/static/images/posters/35.jpg,Hollywood,0,1
36,Iron Man 3,Action|Sci-Fi|Adventure,"When Tony Stark's world is torn apart by a formidable terrorist called the Mandarin, he starts an odyssey of rebuild and retribution.",7.1,2013,/static/images/posters/36.jpg,Hollywood,0,0
37,Ant-Man,Action|Adventure|Sci-Fi|Comedy,"Armed with a super-suit with the astonishing ability to shrink in scale but increase in strength, cat burglar Scott Lang must help his mentor save the world.",7.3,2015,/static/images/posters/37.jpg,Hollywood,0,0
38,Shang-Chi and the Legend of the Ten Rings,Action|Adventure|Fantasy|Sci-Fi,"Shang-Chi, the master of weaponry-based Martial Arts, must confront his past after being drawn into the Ten Rings organization.",7.4,2021,/static/images/posters/38.jpg,Hollywood,0,1
39,The Shawshank Redemption,Drama,"Over the course of several years, two convicts form a friendship, seeking consolation and, eventually, redemption through basic compassion.",9.3,1994,/static/images/posters/39.jpg,Hollywood,0,1
40,The Godfather,Drama|Crime,"Spanning the years 1945 to 1955, a chronicle of the fictional Italian-American Corleone crime family.",9.2,1972,/static/images/posters/40.jpg,Hollywood,0,1
41,The Godfather Part II,Drama|Crime,"The early life and career of Vito Corleone in 1920s New York City is portrayed, while his son, Michael, expands and tightens his grip on the family syndicate.",9.0,1974,/static/images/posters/41.jpg,Hollywood,0,1
42,Forrest Gump,Drama|Romance|Comedy,The history of the United States from the 1950s to the 1970s unfolds from the perspective of an Alabama man with an IQ of 75.,8.8,1994,/static/images/posters/42.jpg,Hollywood,0,1
43,Fight Club,Drama|Thriller,An insomniac office worker and a devil-may-care soap maker form an underground fight club that evolves into much more.,8.8,1999,/static/images/posters/43.jpg,Hollywood,0,1
44,Pulp Fiction,Crime|Thriller|Drama,"The lives of two mob hitmen, a boxer, a gangster and his wife, and a pair of diner bandits intertwine in four tales of violence and redemption.",8.9,1994,/static/images/posters/44.jpg,Hollywood,0,1
45,The Green Mile,Drama|Fantasy|Crime,"A supernatural tale set on death row in a Southern prison, where gentle giant John Coffey possesses the mysterious power to heal people's ailments.",8.5,1999,/static/images/posters/45.jpg,Hollywood,0,1
46,Se7en,Crime|Mystery|Thriller|Drama,"Two detectives, a rookie and a veteran, hunt a serial killer who uses the seven deadly sins as his motives.",8.6,1995,/static/images/posters/46.jpg,Hollywood,0,1
47,The Prestige,Drama|Mystery|Sci-Fi|Thriller,"After a tragic accident, two stage magicians in 1890s London engage in a battle to create the ultimate illusion.",8.5,2006,/static/images/posters/47.jpg,Hollywood,0,1
48,Whiplash,Drama|Music,A promising young drummer enrolls at a cut-throat music conservatory where his dreams of greatness are mentored by an instructor who will stop at nothing.,8.5,2014,/static/images/posters/48.jpg,Hollywood,0,1
49,Gladiator,Action|Adventure|Drama,A former Roman General sets out to exact vengeance against the corrupt emperor who murdered his family and sent him into slavery.,8.5,2000,/static/images/posters/49.jpg,Hollywood,0,1
50,Schindler's List,Biography|Drama|History,"In German-occupied Poland during World War II, industrialist Oskar Schindler gradually becomes concerned for his Jewish workforce.",9.0,1993,/static/images/posters/50.jpg,Hollywood,0,1
51,Goodfellas,Biography|Crime|Drama,"The story of Henry Hill and his life in the mob, covering his relationship with his wife Karen Hill and his mob partners.",8.7,1990,/static/images/posters/51.jpg,Hollywood,0,1
52,The Silence of the Lambs,Crime|Drama|Thriller|Mystery,A young FBI cadet must receive the help of an incarcerated and manipulative cannibal killer to help catch another serial killer.,8.6,1991,/static/images/posters/52.jpg,Hollywood,0,1
53,Saving Private Ryan,Drama|War,"Following the Normandy Landings, a group of U.S. soldiers go behind enemy lines to retrieve a paratrooper whose brothers have been killed in action.",8.6,1998,/static/images/posters/53.jpg,Hollywood,0,1
54,The Departed,Crime|Drama|Thriller,An undercover cop and a mole in the police attempt to identify each other while infiltrating an Irish gang in South Boston.,8.5,2006,/static/images/posters/54.jpg,Hollywood,0,1
55,The Lion King,Animation|Adventure|Drama|Family,"A young lion prince is cast out of his pride by his cruel uncle, who claims he killed his father.",8.5,1994,/static/images/posters/55.jpg,Hollywood,0,1
56,Inglourious Basterds,Adventure|Drama|War,"In Nazi-occupied France during World War II, a plan to assassinate Nazi leaders by a group of Jewish U.S. soldiers.",8.3,2009,/static/images/posters/56.jpg,Hollywood,0,1
57,Django Unchained,Drama|Western,"With the help of a German bounty hunter, a freed slave sets out to rescue his wife from a brutal Mississippi plantation owner.",8.4,2012,/static/images/posters/57.jpg,Hollywood,0,1
58,The Wolf of Wall Street,Biography|Comedy|Crime|Drama,"Based on the true story of Jordan Belfort, from his rise to a wealthy stock-broker living the high life to his fall.",8.2,2013,/static/images/posters/58.jpg,Hollywood,0,1
59,The Terminator,Sci-Fi|Action,A human soldier is sent from 2029 to 1984 to protect a young woman whose unborn son will lead humanity in a war against sentient machines.,8.1,1984,/static/images/posters/59.jpg,Hollywood,0,1
60,Terminator 2: Judgment Day,Sci-Fi|Action,"A cyborg, identical to the one who failed to kill Sarah Connor, must now protect her ten-year-old son John.",8.6,1991,/static/images/posters/60.jpg,Hollywood,0,1
61,Alien,Sci-Fi|Horror,The crew of a commercial spacecraft encounter a deadly lifeform after investigating an unknown transmission on a remote planet.,8.5,1979,/static/images/posters/61.jpg,Hollywood,0,1
62,Aliens,Sci-Fi|Action|Adventure,"Fifty-seven years after surviving an apocalyptic encounter, Ellen Ripley is sent back to the planetoid where her crew first met the hostile Alien species.",8.4,1986,/static/images/posters/62.jpg,Hollywood,0,1
63,Back to the Future,Sci-Fi|Adventure|Comedy,"Marty McFly, a 17-year-old high school student, is accidentally sent thirty years into the past in a time-traveling DeLorean.",8.5,1985,/static/images/posters/63.jpg,Hollywood,0,1
64,Star Wars: Episode IV - A New Hope,Sci-Fi|Action|Adventure|Fantasy,"Luke Skywalker joins forces with a Jedi Knight, a cocky pilot, a Wookiee and two droids to save the galaxy.",8.6,1977,/static/images/posters/64.jpg,Hollywood,0,1
65,Star Wars: Episode V - The Empire Strikes Back,Sci-Fi|Action|Adventure|Fantasy,"After the Rebels are brutally overpowered by the Empire on the ice planet Hoth, Luke Skywalker begins Jedi training with Yoda.",8.7,1980,/static/images/posters/65.jpg,Hollywood,0,1
66,Star Wars: Episode VI - Return of the Jedi,Sci-Fi|Action|Adventure|Fantasy,"After a daring mission to rescue Han Solo, the Rebels dispatch to Endor to destroy the second Death Star.",8.3,1983,/static/images/posters/66.jpg,Hollywood,0,1
67,Jurassic Park,Sci-Fi|Adventure|Thriller,A pragmatic paleontologist visiting an almost complete theme park is tasked with protecting kids after a power failure.,8.2,1993,/static/images/posters/67.jpg,Hollywood,0,1
68,The Matrix Reloaded,Sci-Fi|Action,"Neo and his allies fight to save Zion from the machine army, utilizing their skills inside the virtual world of the Matrix.",7.2,2003,/static/images/posters/68.jpg,Hollywood,0,0
69,Minority Report,Sci-Fi|Action|Mystery|Thriller,"In a future where a special police unit is able to arrest murderers before they commit their crimes, an officer is himself accused.",7.7,2002,/static/images/posters/69.jpg,Hollywood,0,0
70,The Fifth Element,Sci-Fi|Action|Adventure,"In the colorful future, a cab driver unwittingly becomes the central figure in a search for a legendary cosmic weapon.",7.6,1997,/static/images/posters/70.jpg,Hollywood,0,0
71,Total Recall,Sci-Fi|Action,"When a man goes for virtual vacation memories of the planet Mars, an unexpected series of events forces him to find out if his life is a dream.",7.5,1990,/static/images/posters/71.jpg,Hollywood,0,0
72,Twelve Monkeys,Sci-Fi|Mystery|Thriller,"In a future world devastated by disease, a convict is sent back in time to gather information about the man-made virus.",8.0,1995,/static/images/posters/72.jpg,Hollywood,0,0
73,Gattaca,Sci-Fi|Drama|Thriller,A genetically inferior man assumes the identity of a superior one in order to pursue his lifelong dream of space travel.,7.8,1997,/static/images/posters/73.jpg,Hollywood,0,0
74,Children of Men,Sci-Fi|Drama|Thriller,"In 2027, in a chaotic world in which women have somehow become infertile, a former activist agrees to help transport a miraculously pregnant woman.",7.9,2006,/static/images/posters/74.jpg,Hollywood,0,1
75,District 9,Sci-Fi|Action|Thriller,Violence ensues after an extraterrestrial race forced to live in slum-like conditions on Earth finds a kindred spirit.,7.9,2009,/static/images/posters/75.jpg,Hollywood,0,1
76,Looper,Sci-Fi|Action|Thriller,"In 2074, when the mob wants to get rid of someone, the target is sent 30 years into the past, where a hired gun awaits.",7.4,2012,/static/images/posters/76.jpg,Hollywood,0,0
77,Her,Sci-Fi|Romance|Drama,"In a near future, a lonely writer develops an unlikely relationship with an operating system designed to meet his every need.",8.0,2013,/static/images/posters/77.jpg,Hollywood,0,1
78,Dune,Sci-Fi|Adventure|Drama,A noble family becomes embroiled in a war for control over the galaxy's most valuable asset.,8.0,2021,/static/images/posters/78.jpg,Hollywood,0,1
79,Dune: Part Two,Sci-Fi|Adventure|Drama,Paul Atreides unites with Chani and the Fremen while seeking revenge against the conspirators who destroyed his family.,8.6,2024,/static/images/posters/79.jpg,Hollywood,0,1
80,Civil War,Action|Drama|Thriller,"A journey across a dystopian future America, following a team of military-embedded journalists as they race against time to reach DC.",7.1,2024,/static/images/posters/80.jpg,Hollywood,0,0
81,The Lord of the Rings: The Fellowship of the Ring,Fantasy|Adventure|Drama,A meek Hobbit from the Shire and eight companions set out on a journey to destroy the One Ring.,8.8,2001,/static/images/posters/81.jpg,Hollywood,0,1
82,The Lord of the Rings: The Two Towers,Fantasy|Adventure|Drama,"While Frodo and Sam edge closer to Mordor, the divided fellowship makes a stand against Sauron's new ally, Saruman.",8.8,2002,/static/images/posters/82.jpg,Hollywood,0,1
83,The Lord of the Rings: The Return of the King,Fantasy|Adventure|Drama,Gandalf and Aragorn lead the World of Men against Sauron's army to draw his gaze from Frodo and Sam.,9.0,2003,/static/images/posters/83.jpg,Hollywood,0,1
84,The Hobbit: An Unexpected Journey,Fantasy|Adventure,"A reluctant Hobbit, Bilbo Baggins, sets out to the Lonely Mountain with a spirited group of dwarfs to reclaim their home.",7.8,2012,/static/images/posters/84.jpg,Hollywood,0,1
85,Harry Potter and the Sorcerer's Stone,Fantasy|Adventure|Family,"An orphaned boy enrolls in a school of wizardry, where he learns the truth about himself, his family and the terrible evil.",7.6,2001,/static/images/posters/85.jpg,Hollywood,0,1
86,Harry Potter and the Deathly Hallows: Part 2,Fantasy|Adventure|Mystery,"Harry, Ron, and Hermione search for Voldemort's remaining Horcruxes in their effort to destroy the Dark Lord.",8.1,2011,/static/images/posters/86.jpg,Hollywood,0,1
87,Pirates of the Caribbean: The Curse of the Black Pearl,Fantasy|Action|Adventure,Blacksmith Will Turner teams up with eccentric pirate Jack Sparrow to save his love from Jack's former pirate allies.,8.1,2003,/static/images/posters/87.jpg,Hollywood,0,1
88,"Chronicles of Narnia: The Lion, the Witch and the Wardrobe",Fantasy|Adventure|Family,Four kids travel through a wardrobe to the land of Narnia and learn of their destiny to free it with the guidance of a mystical lion.,6.9,2005,/static/images/posters/88.jpg,Hollywood,0,1
89,Alice in Wonderland,Fantasy|Adventure|Family,"Nineteen-year-old Alice returns to the magical world from her childhood adventure, where she reunites with her old friends.",6.4,2010,/static/images/posters/89.jpg,Hollywood,0,0
90,Percy Jackson & the Olympians: The Lightning Thief,Fantasy|Adventure,A teenager discovers he's the descendant of a Greek god and sets out on an adventure to settle an on-going battle.,5.9,2010,/static/images/posters/90.jpg,Hollywood,0,0
91,The Hangover,Comedy,"Three buddies wake up from a bachelor party in Las Vegas, with no memory of the previous night and the bachelor missing.",7.7,2009,/static/images/posters/91.jpg,Hollywood,0,1
92,Superbad,Comedy,Two co-dependent high school seniors are forced to deal with separation anxiety after their plan to stage a party goes awry.,7.6,2007,/static/images/posters/92.jpg,Hollywood,0,1
93,Step Brothers,Comedy,"Two aimless, middle-aged losers still living at home are forced against their will to become roommates when their parents marry.",6.9,2008,/static/images/posters/93.jpg,Hollywood,0,0
94,Anchor-Man: The Legend of Ron Burgundy,Comedy,Ron Burgundy is San Diego's top-rated newsman in the male-dominated broadcasting of the 1970s.,7.1,2004,/static/images/posters/94.jpg,Hollywood,0,0
95,Zombieland,Comedy|Sci-Fi|Horror,"A shy student trying to reach his family in Ohio, a gun-toting tough guy, and a pair of sisters travel across zombie-filled America.",7.6,2009,/static/images/posters/95.jpg,Hollywood,0,1
96,Shaun of the Dead,Comedy|Horror,A man's uneventful life is disrupted by the zombie apocalypse.,7.9,2004,/static/images/posters/96.jpg,Hollywood,0,1
97,Hot Fuzz,Comedy|Action|Mystery,"An exceptional London cop is sent to a silent, crime-free country village, where he pairs up with an amateur partner.",7.8,2007,/static/images/posters/97.jpg,Hollywood,0,1
98,Tropic Thunder,Comedy|Action,"Through a series of freak occurrences, actors shooting a war movie are forced to become the soldiers they portray.",7.0,2008,/static/images/posters/98.jpg,Hollywood,0,1
99,Mean Girls,Comedy,"Cady Heron is a hit with The Plastics, the A-list girl clique, until she makes the mistake of falling for Regina's ex-boyfriend.",7.1,2004,/static/images/posters/99.jpg,Hollywood,0,1
100,La La Land,Romance|Drama|Music|Comedy,"While navigating their careers in Los Angeles, a pianist and an actress fall in love while attempting to reconcile their aspirations.",8.0,2016,/static/images/posters/100.jpg,Hollywood,0,1
101,Crazy Rich Asians,Romance|Comedy,This contemporary romantic comedy follows Rachel Chu as she accompanies her boyfriend Nick Young to his best friend's wedding.,6.9,2018,/static/images/posters/101.jpg,Hollywood,0,0
102,The Notebook,Romance|Drama,"A poor yet passionate young man falls in love with a rich young woman, giving her a sense of freedom, but they are soon separated.",7.8,2004,/static/images/posters/102.jpg,Hollywood,0,1
103,500 Days of Summer,Romance|Drama|Comedy,"An offbeat romantic comedy about a woman who doesn't believe true love exists, and the young man who falls for her.",7.7,2009,/static/images/posters/103.jpg,Hollywood,0,1
104,About Time,Romance|Fantasy|Drama|Comedy,"At the age of 21, Tim discovers he can travel in time and change what happens and has happened in his own life.",7.8,2013,/static/images/posters/104.jpg,Hollywood,0,1
105,Toy Story,Animation|Adventure|Comedy|Family,A cowboy doll is profoundly threatened and jealous when a new spaceman figure supplants him as top toy.,8.3,1995,/static/images/posters/105.jpg,Hollywood,0,1
106,Finding Nemo,Animation|Adventure|Comedy|Family,"After his son is captured in the Great Barrier Reef and taken to Sydney, a timid clownfish embarks on a journey to bring him home.",8.2,2003,/static/images/posters/106.jpg,Hollywood,0,1
107,"Monsters, Inc.",Animation|Adventure|Comedy|Family,"In order to power the city, monsters have to scare children. However, a child gets through and changes everything.",8.1,2001,/static/images/posters/107.jpg,Hollywood,0,1
108,The Incredibles,Animation|Action|Adventure|Family,"A family of undercover superheroes, while trying to live the quiet suburban life, are forced into action to save the world.",8.0,2004,/static/images/posters/108.jpg,Hollywood,0,1
109,WALL-E,Animation|Sci-Fi|Adventure|Family,"In the distant future, a small waste-collecting robot inadvertently embarks on a space journey that will decide the fate of mankind.",8.4,2008,/static/images/posters/109.jpg,Hollywood,0,1
110,Up,Animation|Adventure|Comedy|Family,"78-year-old Carl Fredricksen travels to Paradise Falls in his house equipped with balloons, taking a young stowaway.",8.3,2009,/static/images/posters/110.jpg,Hollywood,0,1
111,Inside Out,Animation|Comedy|Drama|Family,"After a young girl is uprooted from her life and moved to San Francisco, her emotions conflict on how best to navigate.",8.1,2015,/static/images/posters/111.jpg,Hollywood,0,1
112,Inside Out 2,Animation|Comedy|Drama|Family,"Follow Riley in her teenage years, encountering new emotions.",7.8,2024,/static/images/posters/112.jpg,Hollywood,0,1
113,Coco,Animation|Adventure|Fantasy|Family,"Aspiring musician Miguel enters the Land of the Dead to find his great-great-grandfather, a legendary singer.",8.4,2017,/static/images/posters/113.jpg,Hollywood,0,1
114,Ratatouille,Animation|Comedy|Family,A rat who can cook makes an unusual alliance with a young kitchen worker at a famous restaurant.,8.1,2007,/static/images/posters/114.jpg,Hollywood,0,1
115,Shrek,Animation|Adventure|Comedy|Fantasy,"An ogre, in order to regain his swamp, travels with a loud donkey to rescue a princess from a dragon.",7.9,2001,/static/images/posters/115.jpg,Hollywood,0,1
116,Despicable Me,Animation|Comedy|Family,"When a criminal mastermind uses a trio of orphan girls as pawns for a grand scheme, he finds their love is changing him.",7.6,2010,/static/images/posters/116.jpg,Hollywood,0,1
117,How to Train Your Dragon,Animation|Adventure|Fantasy|Family,A hapless young Viking who aspires to hunt dragons becomes the unlikely friend of a young dragon himself.,8.1,2010,/static/images/posters/117.jpg,Hollywood,0,1
118,Kung Fu Panda,Animation|Action|Adventure|Comedy,"To everyone's surprise, Po, an obese panda, is chosen as the Dragon Warrior, and must defend his valley.",7.6,2008,/static/images/posters/118.jpg,Hollywood,0,1
119,Zootopia,Animation|Adventure|Comedy|Mystery,"In a city of anthropomorphic animals, a rookie bunny cop and a cynical con artist fox work together to uncover a conspiracy.",8.0,2016,/static/images/posters/119.jpg,Hollywood,0,1
120,Frozen,Animation|Adventure|Comedy|Family,"When the newly crowned Queen Elsa accidentally uses her power to turn things into ice, Anna teams up with Kristoff to save the kingdom.",7.4,2013,/static/images/posters/120.jpg,Hollywood,0,1
121,Titanic,Drama|Romance,"A seventeen-year-old aristocrat falls in love with a kind but poor artist aboard the luxurious, ill-fated R.M.S. Titanic.",7.9,1997,/static/images/posters/121.jpg,Hollywood,0,1
122,The Social Network,Biography|Drama,"As Harvard student Mark Zuckerberg creates the social networking site that would become known as Facebook, he is sued by the twins who claimed he stole their idea.",7.8,2010,/static/images/posters/122.jpg,Hollywood,0,1
123,Oppenheimer,Biography|Drama|History,The story of American scientist J. Robert Oppenheimer and his role in the development of the atomic bomb.,8.4,2023,/static/images/posters/123.jpg,Hollywood,1,1
124,Gladiator II,Action|Adventure|Drama,"Years after witnessing the death of the revered hero Maximus at the hands of his uncle, Lucius is forced to enter the Colosseum.",6.7,2024,/static/images/posters/124.jpg,Hollywood,1,1
125,The Lion King 2019,Adventure|Drama|Family,"After the murder of his father, a young lion prince flees his kingdom only to learn the true meaning of responsibility and bravery.",6.9,2019,/static/images/posters/125.jpg,Hollywood,0,0
126,"O Brother, Where Art Thou?",Comedy|Adventure|Music,"In the deep south during the 1930s, three escaped convicts search for hidden treasure while a relentless lawman pursues them.",7.7,2000,/static/images/posters/126.jpg,Hollywood,0,0
127,Shutter Island,Mystery|Thriller,"In 1954, a U.S. Marshal investigates the disappearance of a murderer who escaped from a hospital for the criminally insane.",8.2,2010,/static/images/posters/127.jpg,Hollywood,0,1
128,Good Will Hunting,Drama,"Will Hunting, a janitor at M.I.T., has a gift for mathematics, but needs help from a psychologist to find direction in his life.",8.3,1997,/static/images/posters/128.jpg,Hollywood,0,1
129,A Beautiful Mind,Biography|Drama,"After John Nash, a brilliant mathematician, accepts secret work in cryptography, his life takes a turn for the nightmarish.",8.2,2001,/static/images/posters/129.jpg,Hollywood,0,1
130,Catch Me If You Can,Biography|Crime|Drama,"A seasoned FBI agent pursues Frank Abagnale Jr. who, before his 19th birthday, successfully forged millions of dollars' worth of checks.",8.1,2002,/static/images/posters/130.jpg,Hollywood,0,1
131,Cast Away,Adventure|Drama,A FedEx executive undergoes a physical and mental transformation after surviving a plane crash and being stranded on a deserted island.,7.8,2000,/static/images/posters/131.jpg,Hollywood,0,1
132,Blood Diamond,Action|Adventure|Thriller,"A fisherman, a smuggler, and a syndicate of businessmen match wits over the possession of a priceless pink diamond.",8.0,2006,/static/images/posters/132.jpg,Hollywood,0,1
133,The Revenant,Adventure|Drama|Western,A frontiersman on a fur trading expedition in the 1820s fights for survival after being mauled by a bear and left for dead.,8.0,2015,/static/images/posters/133.jpg,Hollywood,0,1
134,Ford v Ferrari,Action|Biography|Drama,American car designer Carroll Shelby and driver Ken Miles battle corporate interference and the laws of physics to build a revolutionary race car.,8.1,2019,/static/images/posters/134.jpg,Hollywood,0,1
135,Rush,Action|Biography|Drama,The merciless 1970s rivalry between Formula One rivals James Hunt and Niki Lauda.,8.1,2013,/static/images/posters/135.jpg,Hollywood,0,1
136,Black Swan,Drama|Thriller,A committed dancer wins the lead role in a production of Tchaikovsky's Swan Lake only to find herself struggling to maintain her sanity.,8.0,2010,/static/images/posters/136.jpg,Hollywood,0,1
137,Nightcrawler,Crime|Drama|Thriller,"When Louis Bloom, a con man desperate for work, muscles into the world of L.A. freelance crime journalism, he blurs the line between observer and participant.",7.8,2014,/static/images/posters/137.jpg,Hollywood,0,1
138,The Sixth Sense,Drama|Mystery|Thriller,"A frightened, withdrawn Philadelphia boy who communicates with spirits seeks help from a disheartened child psychologist.",8.2,1999,/static/images/posters/138.jpg,Hollywood,0,1
139,Unbreakable,Sci-Fi|Drama|Mystery,A security guard is the sole survivor of a high-speed train crash and is contacted by a mysterious comic book dealer.,7.3,2000,/static/images/posters/139.jpg,Hollywood,0,1
140,Split,Horror|Thriller,Three girls are kidnapped by a man with a diagnosed 23 distinct personalities. They must try to escape before the emergence of a frightful 24th.,7.3,2016,/static/images/posters/140.jpg,Hollywood,0,1
141,Glass,Sci-Fi|Drama|Thriller,"Security guard David Dunn uses his supernatural abilities to track Kevin Wendell Crumb, a disturbed man who has twenty-four personalities.",6.6,2019,/static/images/posters/141.jpg,Hollywood,0,0
142,Psycho,Horror|Mystery|Thriller,"A Phoenix secretary embezzles $40,000 from her employer's client, goes on the run, and checks into a remote motel run by a young man under the domination of his mother.",8.5,1960,/static/images/posters/142.jpg,Hollywood,0,1
143,Vertigo,Mystery|Romance|Thriller,A former San Francisco police detective juggles his personal demons and becomes obsessed with a beautiful woman he has been hired to tail.,8.3,1958,/static/images/posters/143.jpg,Hollywood,0,1
144,Rear Window,Mystery|Thriller,"A wheelchair-bound photographer spies on his neighbors from his Greenwich Village courtyard apartment window, and becomes convinced one of them has committed murder.",8.5,1954,/static/images/posters/144.jpg,Hollywood,0,1
145,North by Northwest,Adventure|Mystery|Thriller,"A New York City advertising executive is mistaken for a government agent by a group of foreign spies, and is pursued across the country.",8.3,1959,/static/images/posters/145.jpg,Hollywood,0,1
146,Casablanca,Drama|Romance|War,A cynical American expatriate struggles to decide whether or not he should help his former lover and her fugitive husband escape from French Morocco.,8.5,1942,/static/images/posters/146.jpg,Hollywood,0,1
147,Citizen Kane,Drama|Mystery,"Following the death of publishing tycoon Charles Foster Kane, reporters scramble to uncover the meaning of his final utterance: 'Rosebud'.",8.3,1941,/static/images/posters/147.jpg,Hollywood,0,1
148,The Terminal,Comedy|Drama|Romance,"An Eastern European tourist finds himself stranded in JFK airport, and must take up temporary residence there.",7.4,2004,/static/images/posters/148.jpg,Hollywood,0,1
149,Signs,Sci-Fi|Mystery|Thriller,"A widowed former priest living on an isolated farm discovers mysterious crop circles in his fields, suggesting alien visitors.",6.8,2002,/static/images/posters/149.jpg,Hollywood,0,0
150,The Village,Mystery|Thriller|Drama,"A series of events puts a close-knit, isolated community in Pennsylvania at risk of meeting the mythical monsters that reside in the surrounding woods.",6.6,2004,/static/images/posters/150.jpg,Hollywood,0,0
151,Old,Thriller|Mystery|Sci-Fi,A vacationing family discovers that the secluded beach where they are relaxing for a few hours is somehow causing them to age rapidly.,5.8,2021,/static/images/posters/151.jpg,Hollywood,0,0
152,Knock at the Cabin,Horror|Mystery|Thriller,"While vacationing, a girl and her parents are taken hostage by armed strangers who demand that the family make a choice to avert the apocalypse.",6.1,2023,/static/images/posters/152.jpg,Hollywood,0,0
153,Alien 3,Sci-Fi|Horror|Action,"Ellen Ripley crashes on a penal colony inhabited by former inmates, discovering she brought an alien along.",6.4,1992,/static/images/posters/153.jpg,Hollywood,0,0
154,Alien: Resurrection,Sci-Fi|Horror|Action,"200 years after her death, Ellen Ripley is cloned to extract the alien queen, but the creatures break free.",6.2,1997,/static/images/posters/154.jpg,Hollywood,0,0
155,Jurassic Park III,Sci-Fi|Adventure,A husband and wife trick Dr. Alan Grant into accompanying them to Isla Sorna to search for their lost son.,5.9,2001,/static/images/posters/155.jpg,Hollywood,0,0
156,Batman,Action|Adventure,The Dark Knight of Gotham City begins his war on crime with his first major enemy being the Joker.,7.5,1989,/static/images/posters/156.jpg,Hollywood,0,1
157,Batman Returns,Action|Adventure,Batman returns to prevent the Penguin and businessman Max Shreck from taking over Gotham City.,7.1,1992,/static/images/posters/157.jpg,Hollywood,0,0
158,Batman Forever,Action|Adventure,Batman must battle Two-Face and The Riddler with the help of an amorous psychologist and a young circus acrobat.,5.4,1995,/static/images/posters/158.jpg,Hollywood,0,0
159,Batman & Robin,Action|Adventure,Batman and Robin try to keep their partnership together while stopping Mr. Freeze and Poison Ivy from freezing Gotham.,3.8,1997,/static/images/posters/159.jpg,Hollywood,0,0
160,The Dark Knight Trilogy,Action|Crime|Drama,A collection of the three legendary Christopher Nolan Batman films.,9.0,2012,/static/images/posters/160.jpg,Hollywood,0,1
161,The Godfather Part III,Drama|Crime,"In the midst of trying to legitimize his business, Michael Corleone seeks a successor.",7.6,1990,/static/images/posters/161.jpg,Hollywood,0,0
162,Terminator 3,Sci-Fi|Action,A machine is sent back to protect a young John Connor and his future wife from a female terminator.,6.3,2003,/static/images/posters/162.jpg,Hollywood,0,0
163,Spider-Man 2002,Action|Adventure|Sci-Fi,The classic Tobey Maguire superhero debut.,7.4,2002,/static/images/posters/163.jpg,Hollywood,0,1
164,Toy Story 2,Animation|Adventure|Comedy,"When Woody is stolen by a toy collector, Buzz and his friends launch a rescue mission.",7.9,1999,/static/images/posters/164.jpg,Hollywood,0,1
165,Toy Story 3,Animation|Adventure|Comedy,The toys are mistakenly delivered to a day-care center instead of the attic right before Andy leaves for college.,8.3,2010,/static/images/posters/165.jpg,Hollywood,0,1
166,Toy Story 4,Animation|Adventure|Comedy,"When a new toy called 'Forky' joins Woody and the gang, a road trip alongside old and new friends reveals how big the world can be.",7.7,2019,/static/images/posters/166.jpg,Hollywood,0,1
167,Finding Dory,Animation|Adventure|Comedy,"The friendly but forgetful blue tang fish, Dory, begins a search for her long-lost parents.",7.3,2016,/static/images/posters/167.jpg,Hollywood,0,1
168,Monsters University,Animation|Adventure|Comedy,A look at the relationship between Mike Wazowski and James P. Sullivan during their days at Monsters University.,7.2,2013,/static/images/posters/168.jpg,Hollywood,0,1
169,The Incredibles 2,Animation|Action|Adventure,The Incredibles family takes on a new mission which puts Elastigirl in the spotlight.,7.6,2018,/static/images/posters/169.jpg,Hollywood,0,1
170,Despicable Me 2,Animation|Comedy|Family,Gru is recruited by the Anti-Villain League to help deal with a powerful new super-criminal.,7.3,2013,/static/images/posters/170.jpg,Hollywood,0,0
171,Despicable Me 3,Animation|Comedy|Family,"Gru meets his long-lost charming, cheerful, and more successful twin brother Dru who wants to team up.",6.3,2017,/static/images/posters/171.jpg,Hollywood,0,0
172,Despicable Me 4,Animation|Comedy|Family,"Gru and Lucy and their girls welcome a new member to the family, Gru Jr., who is intent on tormenting his dad.",6.7,2024,/static/images/posters/172.jpg,Hollywood,1,1
173,Minions,Animation|Comedy|Family,"Minions Stuart, Kevin, and Bob are recruited by Scarlet Overkill, a supervillain who, alongside her inventor husband Herb, hatches a plot to take over the world.",6.4,2015,/static/images/posters/173.jpg,Hollywood,0,0
174,Minions: The Rise of Gru,Animation|Comedy|Family,The untold story of one twelve-year-old's dream to become the world's greatest supervillain.,6.6,2022,/static/images/posters/174.jpg,Hollywood,0,0
175,How to Train Your Dragon 2,Animation|Adventure|Fantasy,"When Hiccup and Toothless discover an ice cave that is home to hundreds of new wild dragons, they find themselves at the center of a battle.",7.8,2014,/static/images/posters/175.jpg,Hollywood,0,1
176,How to Train Your Dragon: The Hidden World,Animation|Adventure|Fantasy,"When the sudden appearance of a female Light Fury coincides with a dark threat, Hiccup and Toothless must journey to a hidden world.",7.5,2019,/static/images/posters/176.jpg,Hollywood,0,1
177,Kung Fu Panda 2,Animation|Action|Adventure,Po and his friends fight to stop a menacing villain with a deadly weapon from conquering China.,7.3,2011,/static/images/posters/177.jpg,Hollywood,0,1
178,Kung Fu Panda 3,Animation|Action|Adventure,Po must train a village of clumsy pandas to defeat a supernatural warrior.,7.1,2016,/static/images/posters/178.jpg,Hollywood,0,1
179,Kung Fu Panda 4,Animation|Action|Adventure,"Po is tapped to become the Spiritual Leader of the Valley of Peace, needing to find and train a new Dragon Warrior.",6.3,2024,/static/images/posters/179.jpg,Hollywood,1,1
180,Shrek 2,Animation|Adventure|Comedy,"Shrek and Fiona travel to the Kingdom of Far-Far-Away to meet Fiona's parents, who are not pleased to find their daughter married to an ogre.",7.3,2004,/static/images/posters/180.jpg,Hollywood,0,1
181,Shrek the Third,Animation|Adventure|Comedy,"When Fiona's father falls ill, Shrek is tapped as the successor to the throne, prompting him to find the rightful heir, Artie.",6.1,2007,/static/images/posters/181.jpg,Hollywood,0,0
182,Shrek Forever After,Animation|Adventure|Comedy,"Rumpelstiltskin tricks a mid-life crisis burdened Shrek into signing a contract, which erases his entire history.",6.3,2010,/static/images/posters/182.jpg,Hollywood,0,0
183,Frozen II,Animation|Adventure|Comedy,"Anna, Elsa, Kristoff, Olaf and Sven leave Arendelle to travel to an ancient, autumn-bound forest of a land.",7.1,2019,/static/images/posters/183.jpg,Hollywood,0,1
184,Moana,Animation|Adventure|Comedy|Family,"In Ancient Polynesia, when a terrible curse reaches Moana's island, she answers the Ocean's call to seek out the Demigod Maui to set things right.",7.6,2016,/static/images/posters/184.jpg,Hollywood,0,1
185,Tangled,Animation|Comedy|Family|Fantasy,"The magically long-haired Rapunzel has spent her entire life in a tower, but after a runaway thief stumbles upon her, she discovers the world.",7.7,2010,/static/images/posters/185.jpg,Hollywood,0,1
186,Brave,Animation|Adventure|Comedy|Family,"Determined to make her own path in life, Princess Merida defies a custom that brings chaos to her kingdom.",7.1,2012,/static/images/posters/186.jpg,Hollywood,0,1
187,Wreck-It Ralph,Animation|Comedy|Family,"A video game villain wants to be a hero and sets out to fulfill his dream, but his quest brings havoc to the arcade.",7.7,2012,/static/images/posters/187.jpg,Hollywood,0,1
188,Ralph Breaks the Internet,Animation|Comedy|Family,"Six years after the events of 'Wreck-It Ralph', Ralph and Vanellope discover a wi-fi router in their arcade, leading them into a new adventure.",7.0,2018,/static/images/posters/188.jpg,Hollywood,0,0
189,Big Hero 6,Animation|Action|Adventure,A special bond develops between plus-sized inflatable robot Baymax and prodigy Hiro Hamada.,7.8,2014,/static/images/posters/189.jpg,Hollywood,0,1
190,Megamind,Animation|Action|Comedy,"The supervillain Megamind finally defeats his nemesis, Metro Man, but finds his life pointless without an opponent.",7.3,2010,/static/images/posters/190.jpg,Hollywood,0,1
191,The Lego Movie,Animation|Action|Adventure,"An ordinary LEGO minifigure, thought to be the extraordinary MasterBuilder, is recruited to join a quest to stop an evil tyrant.",7.7,2014,/static/images/posters/191.jpg,Hollywood,0,1
192,Spider-Man: Homecoming,Action|Adventure|Sci-Fi,Peter Parker balances his life as an ordinary high school student in Queens with his superhero alter-ego Spider-Man.,7.4,2017,/static/images/posters/192.jpg,Hollywood,0,1
193,Spider-Man: Far From Home,Action|Adventure|Sci-Fi,"Following the events of Avengers: Endgame, Spider-Man must step up to take on new threats in a world that has changed forever.",7.4,2019,/static/images/posters/193.jpg,Hollywood,0,1
194,Captain America: The First Avenger,Action|Adventure|Sci-Fi,The origin of Steve Rogers in World War II.,6.9,2011,/static/images/posters/194.jpg,Hollywood,0,1
195,The Incredible Hulk,Action|Sci-Fi|Adventure,"Bruce Banner, a scientist on the run, searches for a cure to his condition.",6.6,2008,/static/images/posters/195.jpg,Hollywood,0,0
196,Joker: Folie a Deux,Drama|Music|Crime,Secuel of the 2019 film following Arthur Fleck.,5.3,2024,/static/images/posters/196.jpg,Hollywood,1,0
197,Jurassic World,Action|Adventure|Sci-Fi,"A new theme park, built on the original site of Jurassic Park, creates a giant genetically modified dinosaur.",7.0,2015,/static/images/posters/197.jpg,Hollywood,0,1
198,Jurassic World: Fallen Kingdom,Action|Adventure|Sci-Fi,"When the island's dormant volcano begins roaring to life, Owen and Claire mount a campaign to rescue the remaining dinosaurs.",6.2,2018,/static/images/posters/198.jpg,Hollywood,0,1
199,Jurassic World Dominion,Action|Adventure|Sci-Fi,"Four years after the destruction of Isla Nublar, dinosaurs now live and hunt alongside humans all over the world.",5.7,2022,/static/images/posters/199.jpg,Hollywood,1,1
200,Star Wars: Episode I - The Phantom Menace,Sci-Fi|Action|Adventure|Fantasy,Two Jedi escape a hostile blockade to find allies and come across a young boy who may bring balance to the Force.,6.5,1999,/static/images/posters/200.jpg,Hollywood,0,1
201,Star Wars: Episode II - Attack of the Clones,Sci-Fi|Action|Adventure|Fantasy,"Ten years after initially meeting, Anakin Skywalker shares a forbidden romance with Padmé Amidala.",6.6,2002,/static/images/posters/201.jpg,Hollywood,0,1
202,Star Wars: Episode III - Revenge of the Sith,Sci-Fi|Action|Adventure|Fantasy,"Three years into the Clone Wars, the Jedi rescue Palpatine from Count Dooku.",7.6,2005,/static/images/posters/202.jpg,Hollywood,0,1
203,Star Wars: Episode VII - The Force Awakens,Sci-Fi|Action|Adventure|Fantasy,"As a new threat to the galaxy rises, Rey, a desert scavenger, and Finn, a former stormtrooper, must join forces.",7.8,2015,/static/images/posters/203.jpg,Hollywood,0,1
204,Star Wars: Episode VIII - The Last Jedi,Sci-Fi|Action|Adventure|Fantasy,Rey develops her newly discovered abilities with the guidance of Luke Skywalker.,6.9,2017,/static/images/posters/204.jpg,Hollywood,0,1
205,Star Wars: Episode IX - The Rise of Skywalker,Sci-Fi|Action|Adventure|Fantasy,The surviving members of the Resistance face the First Order once more.,6.5,2019,/static/images/posters/205.jpg,Hollywood,0,1
206,Rogue One: A Star Wars Story,Sci-Fi|Action|Adventure,"In a time of conflict, a group of unlikely heroes band together on a mission to steal the plans to the Death Star.",7.8,2016,/static/images/posters/206.jpg,Hollywood,0,1
207,Solo: A Star Wars Story,Sci-Fi|Action|Adventure,"Board the Millennium Falcon and journey to a galaxy far, far away in an all-new adventure with the most beloved scoundrel.",6.9,2018,/static/images/posters/207.jpg,Hollywood,0,0
208,Harry Potter and the Chamber of Secrets,Fantasy|Adventure|Family,An ancient prophecy seems to be coming true when a mysterious presence stalks the corridors of a school of magic.,7.4,2002,/static/images/posters/208.jpg,Hollywood,0,1
209,Harry Potter and the Prisoner of Azkaban,Fantasy|Adventure|Mystery,"Harry Potter, Ron and Hermione return to Hogwarts for their third year of study, where they delve into the mystery surrounding an escaped prisoner.",7.9,2004,/static/images/posters/209.jpg,Hollywood,0,1
210,Harry Potter and the Goblet of Fire,Fantasy|Adventure|Mystery,"Harry Potter finds himself competing in a hazardous tournament between rival schools of magic, but he is distracted by recurring nightmares.",7.7,2005,/static/images/posters/210.jpg,Hollywood,0,1
211,Harry Potter and the Order of the Phoenix,Fantasy|Adventure|Mystery,"With their warning about Lord Voldemort's return scoffed at, Harry and Dumbledore are targeted by the Wizard authorities.",7.5,2007,/static/images/posters/211.jpg,Hollywood,0,1
212,Harry Potter and the Half-Blood Prince,Fantasy|Adventure|Mystery,"As Harry Potter begins his sixth year at Hogwarts, he discovers an old book marked mysteriously with 'this book is the property of the Half-Blood Prince'.",7.6,2009,/static/images/posters/212.jpg,Hollywood,0,1
213,Harry Potter and the Deathly Hallows: Part 1,Fantasy|Adventure|Mystery,"As Harry, Ron and Hermione race against time and evil to destroy the Horcruxes, they uncover the existence of the three most powerful objects.",7.7,2010,/static/images/posters/213.jpg,Hollywood,0,1
214,Fantastic Beasts and Where to Find Them,Fantasy|Adventure|Family,The adventures of writer Newt Scamander in New York's secret community of witches and wizards seventy years before Harry Potter reads his book.,7.3,2016,/static/images/posters/214.jpg,Hollywood,0,1
215,The Hobbit: The Desolation of Smaug,Fantasy|Adventure,"The dwarves, along with Bilbo Baggins and Gandalf the Grey, continue their quest to reclaim Erebor, their homeland, from Smaug.",7.8,2013,/static/images/posters/215.jpg,Hollywood,0,1
216,The Hobbit: The Battle of the Five Armies,Fantasy|Adventure,Bilbo and Company are forced to engage in a war against an array of combatants to keep the Lonely Mountain from falling into the hands of a rising darkness.,7.4,2014,/static/images/posters/216.jpg,Hollywood,0,1
217,Pirates of the Caribbean: Dead Man's Chest,Fantasy|Action|Adventure,Jack Sparrow races to recover the heart of Davy Jones to avoid enslaving his soul to Jones' service.,7.3,2006,/static/images/posters/217.jpg,Hollywood,0,1
218,Pirates of the Caribbean: At World's End,Fantasy|Action|Adventure,"Captain Barbossa, Will Turner and Elizabeth Swann must sail off the edge of the map, navigate treachery and betrayal, and make their alliances.",7.1,2007,/static/images/posters/218.jpg,Hollywood,0,1
219,Pirates of the Caribbean: On Stranger Tides,Fantasy|Action|Adventure,"Jack Sparrow and Barbossa embark on a quest to find the elusive Fountain of Youth, only to discover that Blackbeard and his daughter are after it too.",6.6,2011,/static/images/posters/219.jpg,Hollywood,0,1
220,Pirates of the Caribbean: Dead Men Tell No Tales,Fantasy|Action|Adventure,Captain Jack Sparrow searches for the trident of Poseidon while being pursued by an undead Spanish navy captain.,6.5,2017,/static/images/posters/220.jpg,Hollywood,0,1
221,Transformers,Action|Sci-Fi|Adventure,"An ancient struggle between two Cybertronian factions, the heroic Autobots and the evil Decepticons, comes to Earth.",7.1,2007,/static/images/posters/221.jpg,Hollywood,0,1
222,Transformers: Revenge of the Fallen,Action|Sci-Fi|Adventure,"Sam Witwicky leaves the Autobots behind for a normal life. But when his mind is filled with cryptic symbols, the Decepticons target him.",6.0,2009,/static/images/posters/222.jpg,Hollywood,0,0
223,Transformers: Dark of the Moon,Action|Sci-Fi|Adventure,"The Autobots learn of a Cybertronian spacecraft hidden on the moon, and race against the Decepticons to reach it and to learn its secrets.",6.2,2011,/static/images/posters/223.jpg,Hollywood,0,0
224,Transformers: Age of Extinction,Action|Sci-Fi|Adventure,Autobots must escape from a bounty hunter who has taken control of the human serendipity.,5.6,2014,/static/images/posters/224.jpg,Hollywood,0,0
225,Transformers: The Last Knight,Action|Sci-Fi|Adventure,"Autobots and Decepticons are at war, with humans on the sidelines. Optimus Prime meets his maker in space.",5.2,2017,/static/images/posters/225.jpg,Hollywood,0,0
226,Bumblebee,Action|Sci-Fi|Adventure,"On the run in the year 1987, Bumblebee finds refuge in a junkyard in a small Californian beach town.",6.7,2018,/static/images/posters/226.jpg,Hollywood,0,1
227,Mission: Impossible,Action|Adventure|Thriller,"An American agent, under false suspicion of disloyalty, must discover and expose the real spy without the help of his organization.",7.1,1996,/static/images/posters/227.jpg,Hollywood,0,1
228,Mission: Impossible II,Action|Adventure|Thriller,IMF agent Ethan Hunt is sent to Sydney to find and destroy a genetically modified disease called 'Chimera'.,6.1,2000,/static/images/posters/228.jpg,Hollywood,0,0
229,Mission: Impossible III,Action|Adventure|Thriller,IMF agent Ethan Hunt clashes with a dangerous and sadistic arms dealer who threatens his life and his fiancée.,6.9,2006,/static/images/posters/229.jpg,Hollywood,0,1
230,Mission: Impossible - Ghost Protocol,Action|Adventure|Thriller,"The IMF is shut down when it's implicated in the bombing of the Kremlin, causing Ethan Hunt and his new team to go rogue.",7.4,2011,/static/images/posters/230.jpg,Hollywood,0,1
231,Mission: Impossible - Rogue Nation,Action|Adventure|Thriller,"Ethan and team take on their most impossible mission yet, eradicating the Syndicate - an International rogue organization.",7.4,2015,/static/images/posters/231.jpg,Hollywood,0,1
232,Mission: Impossible - Fallout,Action|Adventure|Thriller,"Ethan Hunt and his IMF team, along with some familiar allies, race against time after a mission goes wrong.",7.7,2018,/static/images/posters/232.jpg,Hollywood,0,1
233,Mission: Impossible - Dead Reckoning Part One,Action|Adventure|Thriller,Ethan Hunt and his IMF team must track down a dangerous new weapon that threatens all of humanity.,7.7,2023,/static/images/posters/233.jpg,Hollywood,1,1
234,Fast & Furious,Action|Crime|Thriller,"Brian O'Conner, now working for the FBI in LA, teams up with Dominic Toretto to bring down a heroin importer.",6.6,2009,/static/images/posters/234.jpg,Hollywood,0,1
235,Fast Five,Action|Crime|Thriller,Dominic Toretto and his crew of street racers plan a massive heist to buy their freedom while being pursued by a federal agent.,7.3,2011,/static/images/posters/235.jpg,Hollywood,0,1
236,Fast & Furious 6,Action|Crime|Thriller,Hobbs has Dominic and Brian reassemble their crew in order to take down a mastermind who commands an organization of mercenary drivers.,7.0,2013,/static/images/posters/236.jpg,Hollywood,0,1
237,Furious 7,Action|Crime|Thriller,Deckard Shaw seeks revenge against Dominic Toretto and his family for his comatose brother.,7.1,2015,/static/images/posters/237.jpg,Hollywood,0,1
238,The Fate of the Furious,Action|Crime|Thriller,"When a mysterious woman seduces Dominic Toretto into the world of terrorism and a betrayal of those closest to him, the crew face trials.",6.6,2017,/static/images/posters/238.jpg,Hollywood,0,1
239,F9: The Fast Saga,Action|Crime|Thriller,"Dom and the crew must join forces to stop a world-shattering plot led by Dom's estranged brother, Jakob.",5.2,2021,/static/images/posters/239.jpg,Hollywood,0,1
240,Fast X,Action|Crime|Thriller,Dom Toretto and his family are targeted by the vengeful son of drug lord Hernan Reyes.,5.8,2023,/static/images/posters/240.jpg,Hollywood,1,1
241,Mad Max: Fury Road,Action|Sci-Fi|Adventure,"In a post-apocalyptic wasteland, a woman rebels against a tyrannical ruler in search for her homeland with the aid of a group of female prisoners.",8.1,2015,/static/images/posters/241.jpg,Hollywood,0,1
242,Furiosa: A Mad Max Saga,Action|Sci-Fi|Adventure,The origin story of renegade warrior Furiosa before her alliance with Mad Max.,7.6,2024,/static/images/posters/242.jpg,Hollywood,1,1
243,The Matrix Revolutions,Action|Sci-Fi,"The human city of Zion defends itself against the massive invasion of machines, as Neo fights to end the war.",6.7,2003,/static/images/posters/243.jpg,Hollywood,0,0
244,The Matrix Resurrections,Action|Sci-Fi,"Return to a world of two realities: one, everyday life; the other, what lies behind it. To find out if his reality is a physical construct, Mr. Anderson must choose.",5.7,2021,/static/images/posters/244.jpg,Hollywood,0,1
245,Logan,Action|Sci-Fi|Drama,"In a future where mutants are nearly extinct, an aging Logan cares for an ailing Professor X.",8.1,2017,/static/images/posters/245.jpg,Hollywood,0,1
246,X-Men,Action|Sci-Fi|Adventure,"In a world where mutants exist and are discriminated against, two groups clash for the future of humanity.",7.3,2000,/static/images/posters/246.jpg,Hollywood,0,1
247,X2,Action|Sci-Fi|Adventure,"The X-Men band together to find a mutant assassin who has attacked the President, while tracking down a military leader who wants to eradicate mutants.",7.4,2003,/static/images/posters/247.jpg,Hollywood,0,1
248,X-Men: The Last Stand,Action|Sci-Fi|Adventure,The discovery of a cure for mutations sparks a war between the X-Men and the Brotherhood of Mutants.,6.7,2006,/static/images/posters/248.jpg,Hollywood,0,0
249,X-Men: First Class,Action|Sci-Fi|Adventure,"In 1962, the United States government enlists the help of Mutants with superhuman abilities to stop a malicious dictator.",7.7,2011,/static/images/posters/249.jpg,Hollywood,0,1
250,X-Men: Days of Future Past,Action|Sci-Fi|Adventure,The X-Men send Wolverine to the past in a desperate effort to change history and prevent an event that results in doom for both humans and mutants.,7.9,2014,/static/images/posters/250.jpg,Hollywood,0,1
251,Sivaji,Action|Drama,"An software engineer returns to India to invest in free welfare programs, but faces corruption and political opposition.",7.5,2007,/static/images/posters/251.jpg,Kollywood,0,1
252,Enthiran,Action|Sci-Fi,"A scientist builds a humanoid robot named Chitti, which falls in love with his creator's fiancée and is manipulated by a rival scientist.",7.1,2010,/static/images/posters/252.jpg,Kollywood,0,1
253,Kabali,Action|Crime|Drama,A reformed gangster returns from prison to fight for Tamil labourers in Malaysia and search for his lost wife.,6.2,2016,/static/images/posters/253.jpg,Kollywood,0,1
254,Petta,Action|Drama,A hostel warden with a mysterious past takes on local gangsters who are terrorizing the students.,7.0,2019,/static/images/posters/254.jpg,Kollywood,0,1
255,Jailer,Action|Comedy|Crime,"A retired prison jailer goes on a manhunt to find his son's killers, revealing his dark past as a ruthless officer.",7.1,2023,/static/images/posters/255.jpg,Kollywood,1,1
256,Chandramukhi,Comedy|Horror|Mystery,A psychologist tries to solve the mystery of a haunted palace where his friend's wife is suffering from split personality disorder.,7.2,2005,/static/images/posters/256.jpg,Kollywood,0,1
257,Baashha,Action|Drama|Crime,A humble auto driver hides his past life as a powerful underworld don in Mumbai to keep a promise to his father.,8.2,1995,/static/images/posters/257.jpg,Kollywood,0,1
258,Muthu,Comedy|Drama|Romance,"A loyal servant and his master fall in love with the same woman, leading to revelations about the servant's true royal origin.",7.4,1995,/static/images/posters/258.jpg,Kollywood,0,1
259,Padayappa,Drama|Action,"A man builds his fortune back after being cheated by his uncle, while a jealous woman plots his downfall.",8.1,1999,/static/images/posters/259.jpg,Kollywood,0,1
260,Arunachalam,Comedy|Drama,An orphan discovers he is the son of a billionaire and must spend 30 crores in 30 days to inherit his father's estate.,7.3,1997,/static/images/posters/260.jpg,Kollywood,0,0
261,Nayagan,Crime|Drama,A young boy runs away to Mumbai and grows up to become a benevolent don for the slum dwellers.,8.7,1987,/static/images/posters/261.jpg,Kollywood,0,1
262,Indian,Action|Drama|Thriller,A veteran freedom fighter takes it upon himself to eradicate corruption in India by assassinating corrupt officials.,8.1,1996,/static/images/posters/262.jpg,Kollywood,1,1
263,Indian 2,Action|Drama|Thriller,The return of the veteran vigilante Senapathy to fight corruption in modern-day India.,5.0,2024,/static/images/posters/263.jpg,Kollywood,1,1
264,Vikram,Action|Thriller|Crime,A special agent investigates a mask-wearing vigilante group that has declared war on the local drug syndicate.,8.3,2022,/static/images/posters/264.jpg,Kollywood,1,1
265,Hey Ram,Drama|History,A semi-fictional account of India's partition and the assassination of Mahatma Gandhi by a Hindu nationalist.,7.9,2000,/static/images/posters/265.jpg,Kollywood,0,1
266,Anbe Sivam,Drama|Comedy,"Two men with different ideologies embark on a journey from Bhubaneswar to Chennai, forming an unlikely friendship.",8.6,2003,/static/images/posters/266.jpg,Kollywood,0,1
267,Dasavathaaram,Action|Sci-Fi|Thriller,"A scientist tries to protect a deadly bioweapon from falling into the wrong hands, encountering nine other people who are connected by destiny.",7.2,2008,/static/images/posters/267.jpg,Kollywood,0,1
268,Virumaandi,Drama|Action,Two death row inmates give their versions of a violent village clash to a human rights advocate.,8.3,2004,/static/images/posters/268.jpg,Kollywood,0,1
269,Panchatanthiram,Comedy|Romance,A pilot and his four friends get into trouble when they attempt to hide a dead body from the police and their wives.,8.1,2002,/static/images/posters/269.jpg,Kollywood,0,1
270,Vettaiyaadu Vilaiyaadu,Crime|Thriller|Mystery,"A police officer travels to New York to investigate the murder of his friend's daughter, uncovering a pair of serial killers.",8.0,2006,/static/images/posters/270.jpg,Kollywood,0,1
271,Vishwaroopam,Action|Thriller,A dance teacher in New York is revealed to be a deep-cover intelligence agent fighting international terrorism.,7.9,2013,/static/images/posters/271.jpg,Kollywood,0,1
272,Ghilli,Action|Comedy|Romance,A kabaddi player goes to Madurai for a match and ends up saving a young woman from a powerful politician.,8.1,2004,/static/images/posters/272.jpg,Kollywood,0,1
273,Pokkiri,Action|Crime|Thriller,An undercover police officer infiltrates a notorious gang in Chennai to eliminate its leaders.,7.3,2007,/static/images/posters/273.jpg,Kollywood,0,1
274,Thuppakki,Action|Thriller,An army officer on holiday in Mumbai stumbles upon a sleeper cell network and launches an operation to destroy it.,8.1,2012,/static/images/posters/274.jpg,Kollywood,0,1
275,Kaththi,Action|Drama,"A criminal escapes from prison and takes the place of his lookalike, a social activist fighting for farmers' rights.",8.0,2014,/static/images/posters/275.jpg,Kollywood,0,1
276,Mersal,Action|Thriller|Drama,A magician and his doctor brother seek revenge against a corrupt medical practitioner who killed their parents.,7.5,2017,/static/images/posters/276.jpg,Kollywood,0,1
277,Master,Action|Drama|Thriller,"An alcoholic professor is sent to a juvenile home, where he clashes with a gangster who uses kids for criminal activities.",7.3,2021,/static/images/posters/277.jpg,Kollywood,0,1
278,Leo,Action|Thriller|Crime,A mild-mannered cafe owner in Himachal Pradesh becomes the target of a drug cartel that suspects him of being a former gangster.,7.2,2023,/static/images/posters/278.jpg,Kollywood,1,1
279,The Greatest of All Time,Action|Sci-Fi|Thriller,A retired anti-terrorist squad leader is reunited with his past team to prevent a high-tech threat from destroying the city.,7.0,2024,/static/images/posters/279.jpg,Kollywood,1,1
280,Beast,Action|Thriller|Comedy,A former RAW agent trapped in a hijacked mall must eliminate the terrorists and rescue the hostages.,5.2,2022,/static/images/posters/280.jpg,Kollywood,0,1
281,Varisu,Action|Drama|Family,"The youngest son of a business tycoon is forced to take over the family empire after his father falls ill, resolving conflicts with his brothers.",6.0,2023,/static/images/posters/281.jpg,Kollywood,0,1
282,Bigil,Action|Sports|Drama,A former footballer turned gangster takes over the coaching duty of a women's football team to honor his late father's dream.,6.9,2019,/static/images/posters/282.jpg,Kollywood,0,1
283,Mankatha,Action|Crime|Thriller,A suspended police officer plans a high-stakes heist to steal IPL betting money worth 500 crores with a team of criminals.,7.6,2011,/static/images/posters/283.jpg,Kollywood,0,1
284,Billa,Action|Crime|Thriller,"An underworld don is killed by the police, who recruit his lookalike, a simple man, to infiltrate the syndicate.",7.2,2007,/static/images/posters/284.jpg,Kollywood,0,1
285,Arrambam,Action|Thriller,A former bomb squad specialist seeks revenge against corrupt officials who caused the death of his friend.,7.1,2013,/static/images/posters/285.jpg,Kollywood,0,0
286,Vedalam,Action|Drama,"A taxi driver behaves submissively to protect his sister, but unleashes his violent side against three international criminals.",6.1,2015,/static/images/posters/286.jpg,Kollywood,0,1
287,Viswasam,Action|Drama|Family,A village chieftain attempts to reconcile with his estranged wife and protect his daughter from a wealthy rival.,6.7,2019,/static/images/posters/287.jpg,Kollywood,0,1
288,Valimai,Action|Thriller,An IPS officer is tasked with bringing down a gang of criminal bikers who are involved in drug trafficking and theft.,6.0,2022,/static/images/posters/288.jpg,Kollywood,0,1
289,Thunivu,Action|Thriller|Crime,"A mysterious genius planner and his team execute a bank heist in Chennai, revealing systemic financial corruption.",6.1,2023,/static/images/posters/289.jpg,Kollywood,1,1
290,Amarkalam,Action|Romance,"A gangster falls in love with a girl he kidnapped, which leads to conflicts with his boss.",7.4,1999,/static/images/posters/290.jpg,Kollywood,0,0
291,Citizen,Action|Thriller,"A man kidnaps various government officials, revealing a massive cover-up regarding a submerged village.",7.1,2001,/static/images/posters/291.jpg,Kollywood,0,0
292,Dheena,Action|Drama,A loyal henchman fights his own brother's rivals to protect his love and family.,7.5,2001,/static/images/posters/292.jpg,Kollywood,0,1
293,Kaakha Kaakha,Action|Crime|Thriller,An honest police officer clashes with a ruthless gangster who seeks revenge for his brother's death.,8.0,2003,/static/images/posters/293.jpg,Kollywood,0,1
294,Ghajini,Action|Thriller|Mystery,A wealthy businessman suffering from anterograde amnesia uses notes and tattoos to seek revenge on the man who killed his lover.,8.0,2005,/static/images/posters/294.jpg,Kollywood,0,1
295,Vaaranam Aayiram,Drama|Romance|Music,"An army officer on a rescue mission recalls his relationship with his father, his love life, and his personal growth.",8.2,2008,/static/images/posters/295.jpg,Kollywood,0,1
296,Singam,Action|Masala,"An honest sub-inspector gets transferred to Chennai by a powerful extortionist, launching a high-stakes clash.",7.2,2010,/static/images/posters/296.jpg,Kollywood,0,1
297,Soorarai Pottru,Drama|Biography,"A young man dreams of starting a low-cost airline for the common people, fighting aviation monopolies.",8.7,2020,/static/images/posters/297.jpg,Kollywood,1,1
298,Jai Bhim,Drama|Crime|Legal,A brave lawyer fights for the rights of an tribal woman whose husband was tortured in police custody.,8.8,2021,/static/images/posters/298.jpg,Kollywood,1,1
299,24,Action|Sci-Fi|Thriller,"A watchmaker invents a time-travel device, which his evil twin brother attempts to steal by killing him.",7.9,2016,/static/images/posters/299.jpg,Kollywood,0,1
300,Ayan,Action|Crime|Thriller,A young smuggler working for a local don faces threats from a rival syndicate.,7.9,2009,/static/images/posters/300.jpg,Kollywood,0,1
301,Aadukalam,Drama|Action|Sports,A youth training in rooster fighting gets caught in a web of jealousy and betrayal woven by his mentor.,8.1,2011,/static/images/posters/301.jpg,Kollywood,0,1
302,3,Drama|Mystery|Romance,"A woman attempts to uncover the truth behind her husband's sudden suicide, discovering his struggles with bipolar disorder.",7.3,2012,/static/images/posters/302.jpg,Kollywood,0,1
303,Asuran,Drama|Action,"A father from an underprivileged family goes on the run to protect his son, who killed an oppressive landlord in revenge.",8.5,2019,/static/images/posters/303.jpg,Kollywood,0,1
304,Karnan,Drama|Action,"A conservative youth fights for the basic rights of his village, which has been ignored by the local administration.",8.1,2021,/static/images/posters/304.jpg,Kollywood,0,1
305,Vada Chennai,Action|Crime|Drama,A young carrom player gets drawn into a war between rival local gangsters in North Chennai.,8.4,2018,/static/images/posters/305.jpg,Kollywood,0,1
306,Captain Miller,Action|Drama|History,A former British Army soldier leads a revolution in his village to protect local treasures.,6.7,2024,/static/images/posters/306.jpg,Kollywood,1,1
307,Raayan,Action|Drama|Thriller,A simple man running a food stall goes to extreme lengths to protect his siblings from local politicians.,6.8,2024,/static/images/posters/307.jpg,Kollywood,1,1
308,Ponniyin Selvan: Part I,Drama|History|Action,"Vandiyathevan sets out to deliver a message from Crown Prince Aditha Karikalan, traversing the Chola kingdom amidst conspiracies.",7.3,2022,/static/images/posters/308.jpg,Kollywood,0,1
309,Ponniyin Selvan: Part II,Drama|History|Action,Arulmozhi Varman continues his journey to reclaim the throne amidst civil wars and royal secrets.,7.5,2023,/static/images/posters/309.jpg,Kollywood,1,1
310,Super Deluxe,Comedy|Drama|Thriller,"Four stories involving an unfaithful wife, an angry boy, a trans woman, and a religious father converge on a single day.",8.3,2019,/static/images/posters/310.jpg,Kollywood,0,1
311,Sarpatta Parambarai,Drama|Sports,"A young man in 1970s Madras gets the opportunity to revive his boxing clan's pride, fighting personal and social evils.",8.6,2021,/static/images/posters/311.jpg,Kollywood,1,1
312,Kadaisi Vivasayi,Drama,"An elderly farmer refuses to sell his land, continuing his agricultural duty despite legal charges.",8.6,2022,/static/images/posters/312.jpg,Kollywood,0,1
313,Thallumaala,Comedy|Action,"A young man gets into consecutive fights which go viral on social media, leading to a series of comedic brawls.",7.0,2022,/static/images/posters/313.jpg,Kollywood,0,1
314,Kaala,Action|Drama,A righteous gangster from Mumbai's Dharavi slums fights to protect his people and their land from a corrupt politician.,6.7,2018,/static/images/posters/314.jpg,Kollywood,0,1
315,Doctor,Comedy|Action|Thriller,A military doctor goes on a mission to track down and rescue his fiancé's niece from a human trafficking ring.,7.6,2021,/static/images/posters/315.jpg,Kollywood,0,1
316,Don Tamil,Comedy|Drama,A young college student struggles to find his true passion in life while dealing with a strict father.,6.9,2022,/static/images/posters/316.jpg,Kollywood,0,1
317,Ayalaan,Sci-Fi|Comedy|Action,A young villager befriends a friendly alien who descends to Earth to stop a greedy industrialist from destroying the environment.,6.2,2024,/static/images/posters/317.jpg,Kollywood,1,1
318,Maaveeran,Comedy|Action|Fantasy,"A cowardly cartoonist begins hearing a voice that controls him, transforming him into a brave vigilante who fights a corrupt housing minister.",7.4,2023,/static/images/posters/318.jpg,Kollywood,0,1
319,Mark Antony,Comedy|Sci-Fi|Action,Two gangsters travel back in time using a unique telephone to change their past and save their parents.,6.4,2023,/static/images/posters/319.jpg,Kollywood,0,1
320,Jigarthanda DoubleX,Action|Comedy|Drama,A young filmmaker and a notorious gangster team up in 1975 to shoot a classic Western movie in Tamil Nadu.,8.0,2023,/static/images/posters/320.jpg,Kollywood,1,1
321,Jigarthanda,Action|Crime|Drama,"An aspiring director is forced to research a ruthless Madurai gangster for his film, leading to a dangerous relationship.",8.1,2014,/static/images/posters/321.jpg,Kollywood,0,1
322,Pizza,Mystery|Thriller|Horror,"A pizza delivery boy gets trapped inside a haunted house while delivering a pizza, uncovering a series of paranormal events.",8.0,2012,/static/images/posters/322.jpg,Kollywood,0,1
323,Soodhu Kavvum,Comedy|Crime,"A small-time kidnapper and his three friends execute a series of bizarre kidnappings, landing in extreme trouble with a ruthless cop.",8.3,2013,/static/images/posters/323.jpg,Kollywood,0,1
324,Kadhalum Kadandhu Pogum,Comedy|Romance,An engineering graduate struggles to find a job in Chennai and develops an unlikely friendship with a local thug.,7.4,2016,/static/images/posters/324.jpg,Kollywood,0,0
325,Thegidi,Mystery|Thriller,A newly recruited detective finds himself in a conspiracy when the subjects he is tailing start dying in mysterious accidents.,7.6,2014,/static/images/posters/325.jpg,Kollywood,0,0
326,Demonte Colony,Horror|Mystery|Thriller,"Four friends visit a ruined mansion in Demonte Colony out of curiosity, unknowingly bringing home an evil spirit.",7.1,2015,/static/images/posters/326.jpg,Kollywood,0,1
327,Aranmanai,Comedy|Horror,A family returning to their ancestral palace to sell it discovers that a ghost seeks revenge against them.,5.3,2014,/static/images/posters/327.jpg,Kollywood,0,0
328,Kanchana,Comedy|Horror,A young man who is extremely afraid of ghosts gets possessed by a transgender ghost seeking justice and revenge.,6.6,2011,/static/images/posters/328.jpg,Kollywood,0,1
329,Muni,Comedy|Horror,A young man is possessed by a ghost who wants to seek revenge on a corrupt politician.,6.3,2007,/static/images/posters/329.jpg,Kollywood,0,0
330,Thadam,Action|Crime|Mystery,"The police arrest a suspect in a murder case, only to find that he has a lookalike, creating absolute chaos in the investigation.",8.2,2019,/static/images/posters/330.jpg,Kollywood,0,1
331,Eeram,Horror|Mystery|Thriller,A police officer investigates a series of mysterious drownings that seem to be connected to water.,7.6,2009,/static/images/posters/331.jpg,Kollywood,0,1
332,Ratsasan,Crime|Thriller|Mystery,An aspiring film director turns into a police sub-inspector and must track down a psychotic serial killer preying on schoolgirls.,8.4,2018,/static/images/posters/332.jpg,Kollywood,0,1
333,Dhuruvangal Pathinaaru,Crime|Mystery|Thriller,A retired police officer recalls a mysterious double-murder case that cost him his career and leg.,8.3,2016,/static/images/posters/333.jpg,Kollywood,0,1
334,Papanasam,Crime|Drama|Thriller,The Tamil remake of Drishyam starring Kamal Haasan as a cable TV operator who protects his family.,8.4,2015,/static/images/posters/334.jpg,Kollywood,0,1
335,Thani Oruvan,Action|Thriller,"An honest IPS officer engages in a high-stakes psychological battle with a brilliant, corrupt scientist.",8.4,2015,/static/images/posters/335.jpg,Kollywood,0,1
336,Bogan,Action|Thriller,A police officer chases a unique thief who uses soul-swapping magic to execute bank robberies.,6.2,2017,/static/images/posters/336.jpg,Kollywood,0,0
337,Iru Mugan,Action|Sci-Fi|Thriller,"A former RAW agent goes on a mission to track down his nemesis, a transgender scientist who has created a performance-enhancing drug.",6.3,2016,/static/images/posters/337.jpg,Kollywood,0,0
338,VIP 2,Action|Comedy|Drama,"A civil engineer clashes with a powerful, arrogant female corporate leader who tries to destroy his career.",5.3,2017,/static/images/posters/338.jpg,Kollywood,0,0
339,Maari,Action|Comedy,"A local gangster who loves breeding pigeons clashes with a new, corrupt police officer.",6.3,2015,/static/images/posters/339.jpg,Kollywood,0,1
340,Maari 2,Action|Comedy,"Maari returns to fight a new enemy who seeks revenge, while dealing with a girl who is deeply in love with him.",5.6,2018,/static/images/posters/340.jpg,Kollywood,0,0
341,Anegan,Action|Romance|Thriller,A young woman recalls her past lives and tries to save her lover from being killed by his corrupt business partner.,6.8,2015,/static/images/posters/341.jpg,Kollywood,0,0
342,Ko,Action|Thriller|Crime,A photojournalist uncovers a major political conspiracy involving his college friend who has become the Chief Minister.,8.1,2011,/static/images/posters/342.jpg,Kollywood,0,1
343,Kalakalappu,Comedy,Two brothers struggle to save their ancestral restaurant from a corrupt health inspector.,7.2,2012,/static/images/posters/343.jpg,Kollywood,0,0
344,Boss Engira Bhaskaran,Comedy|Romance,"A lazy, unemployed youth starts a coaching institute to win the hand of his lover, leading to a series of comedic events.",7.5,2010,/static/images/posters/344.jpg,Kollywood,0,1
345,Oru Kal Oru Kannadi,Comedy|Romance,"A simple young man tries to win the love of a girl who constantly rejects him, with the help of his hilarious friend.",7.1,2012,/static/images/posters/345.jpg,Kollywood,0,1
346,Siva Manasula Sakthi,Comedy|Romance,A courier boy and an air hostess engage in a series of comedic clashes before falling in love.,7.5,2009,/static/images/posters/346.jpg,Kollywood,0,1
347,Vasuvum Saravananum Onna Padichavanga,Comedy|Romance,Two close friends are forced to choose between their friendship and the women they want to marry.,5.1,2015,/static/images/posters/347.jpg,Kollywood,0,0
348,Nanban,Comedy|Drama,Three engineering students recall their college days and their friend who challenged the rigid academic system.,8.1,2012,/static/images/posters/348.jpg,Kollywood,0,1
349,Raja Rani,Drama|Romance|Comedy,"A newly married couple who hate each other are forced to live together, recalling their tragic past relationships.",8.0,2013,/static/images/posters/349.jpg,Kollywood,0,1
350,Theri,Action|Drama|Thriller,"An honest cop goes into hiding to protect his daughter, but must unleash his violent past when his enemy threatens them.",7.4,2016,/static/images/posters/350.jpg,Kollywood,0,1
351,Sarkar,Action|Drama,"An NRI businessman returns to India to cast his vote, only to find someone else has voted in his name, launching a political battle.",6.8,2018,/static/images/posters/351.jpg,Kollywood,0,1
352,Mouna Ragam,Drama|Romance,A young woman is forced into an arranged marriage and struggles to accept her husband while mourning her late lover.,8.5,1986,/static/images/posters/352.jpg,Kollywood,0,1
353,Thalapathi,Action|Drama,An orphan grows up to become a local don and develops a close friendship with a powerful gangster.,8.5,1991,/static/images/posters/353.jpg,Kollywood,0,1
354,Roja,Drama|Romance|Thriller,A simple village girl fights to rescue her husband who was kidnapped by terrorists in Kashmir.,8.1,1992,/static/images/posters/354.jpg,Kollywood,0,1
355,Bombay,Drama|Romance,"A Hindu man and a Muslim woman fall in love and elope to Bombay, only to be caught in the middle of communal riots.",8.1,1995,/static/images/posters/355.jpg,Kollywood,0,1
356,Iruvar,Drama|Biography|History,The story of the relationship between a prominent actor and a political leader in Tamil Nadu.,8.4,1997,/static/images/posters/356.jpg,Kollywood,0,1
357,Alaipayuthey,Drama|Romance,"A young couple elopes and marries, only to find that the realities of married life are more difficult than expected.",8.3,2000,/static/images/posters/357.jpg,Kollywood,0,1
358,Kannathil Muthamittal,Drama|War,A young girl adopted by a Chennai family goes on a journey to find her biological mother in war-torn Sri Lanka.,8.4,2002,/static/images/posters/358.jpg,Kollywood,0,1
359,Ayutha Ezhuthu,Action|Drama|Political,"The lives of a student leader, a henchman, and a young man cross paths on a bridge in Chennai, changing their destinies.",8.0,2004,/static/images/posters/359.jpg,Kollywood,0,1
360,Kadhalan,Romance|Action,"A college student falls in love with the daughter of the Governor of Tamil Nadu, who opposes their love.",7.3,1994,/static/images/posters/360.jpg,Kollywood,0,1
361,Jeans,Comedy|Romance|Drama,"A father of twins demands that his sons marry twin sisters, forcing a young couple to execute a major deception.",7.1,1998,/static/images/posters/361.jpg,Kollywood,0,1
362,Mudhalvan,Action|Drama|Political,An ambitious reporter gets the opportunity to become the Chief Minister of Tamil Nadu for a single day.,8.2,1999,/static/images/posters/362.jpg,Kollywood,0,1
363,Boys,Comedy|Drama|Music,Five friends get kicked out of their homes and form a music band to survive and achieve their dreams.,7.1,2003,/static/images/posters/363.jpg,Kollywood,0,1
364,Anniyan,Action|Sci-Fi|Thriller,An honest consumer protection advocate suffering from multiple personality disorder creates a vigilante persona who punishes corrupt citizens.,8.3,2005,/static/images/posters/364.jpg,Kollywood,0,1
365,I Tamil Movie,Action|Sci-Fi|Thriller,A bodybuilder is disfigured by his enemies and seeks revenge using unique bio-chemical weapons.,6.2,2015,/static/images/posters/365.jpg,Kollywood,0,1
366,2.0,Action|Sci-Fi,The scientist Vaseegaran is forced to rebuild Chitti the robot to fight a new supernatural threat.,6.1,2018,/static/images/posters/366.jpg,Kollywood,0,1
367,Veera,Comedy|Action,A man marries two women and struggles to hide the existence of each wife from the other.,7.0,1994,/static/images/posters/367.jpg,Kollywood,0,0
368,Karagattakaran,Comedy|Drama,A classic Tamil musical comedy centered on two traditional Karagattam dancers.,7.8,1989,/static/images/posters/368.jpg,Kollywood,0,1
369,Chinna Thambi,Drama|Romance,A simple village youth falls in love with the daughter of an wealthy landlord.,7.4,1991,/static/images/posters/369.jpg,Kollywood,0,1
370,Gentleman,Action|Crime|Drama,A respected businessman leads a double life as a modern-day Robin Hood stealing from the rich to build free educational colleges.,8.1,1993,/static/images/posters/370.jpg,Kollywood,0,1
371,Kadhal Desam,Romance|Drama,"Two close friends fall in love with the same woman, putting their friendship to the ultimate test.",7.6,1996,/static/images/posters/371.jpg,Kollywood,0,1
372,Kadhal Kottai,Romance|Drama,A young man and woman fall in love via letters without ever seeing each other.,8.0,1996,/static/images/posters/372.jpg,Kollywood,0,1
373,Minsara Kanavu,Romance|Musical,"A young man is hired to win the love of a girl for his friend, but ends up falling in love with her himself.",7.4,1997,/static/images/posters/373.jpg,Kollywood,0,1
374,Singam 2,Action|Thriller,Durai Singam goes undercover as a school teacher to investigate a smuggling ring in Tuticorin.,6.4,2013,/static/images/posters/374.jpg,Kollywood,0,1
375,Singam 3,Action|Thriller,"Durai Singam is sent to Andhra Pradesh to solve the murder of a police commissioner, uncovering international waste dumping.",5.3,2017,/static/images/posters/375.jpg,Kollywood,0,0
376,Velaiilla Pattadhari,Action|Comedy|Drama,"An unemployed graduate struggles to find work in his field, facing corporate rivals and family pressure.",8.2,2014,/static/images/posters/376.jpg,Kollywood,0,1
377,Kanchana 2,Comedy|Horror,"A TV channel crew visits a haunted house to shoot a reality show, only to get possessed by ghosts.",5.6,2015,/static/images/posters/377.jpg,Kollywood,0,0
378,Kanchana 3,Comedy|Horror,Raghava gets possessed by a ghost who seeks revenge against a corrupt politician.,4.1,2019,/static/images/posters/378.jpg,Kollywood,0,0
379,Aruvi,Drama|Social,"A young woman is forced to explain her actions on a reality TV show, exposing systemic issues in society.",8.2,2017,/static/images/posters/379.jpg,Kollywood,0,1
380,Irudhi Suttru,Drama|Sports,A cynical boxing coach trains a fiery young fisherwoman to become a world champion.,8.1,2016,/static/images/posters/380.jpg,Kollywood,0,1
381,Vikram Vedha,Action|Crime|Thriller,An honest police officer clashes with a notorious gangster who tells him stories that challenge his moral compass.,8.4,2017,/static/images/posters/381.jpg,Kollywood,1,1
382,Lover Tamil Movie,Drama|Romance,A young couple's relationship is tested by their career goals and personal differences.,7.6,2024,/static/images/posters/382.jpg,Kollywood,1,1
383,Blue Star Tamil Movie,Drama|Sports,Two rival cricket captains in Arakkonam must unite to fight local politics and save their sports career.,7.8,2024,/static/images/posters/383.jpg,Kollywood,1,1
384,Star Tamil Movie,Drama|Romance,A young man struggles to become an actor while dealing with personal relationships and setbacks.,7.5,2024,/static/images/posters/384.jpg,Kollywood,1,1
385,Maharaja,Action|Drama|Thriller,"A barber seeks vengeance after his home is burglarized, cryptically telling police his 'lakshmi' is missing.",8.5,2024,/static/images/posters/385.jpg,Kollywood,1,1
386,Garudan,Action|Drama,A loyal helper is caught in a web of betrayal and power struggle between his two childhood friends.,7.2,2024,/static/images/posters/386.jpg,Kollywood,1,1
387,Aranmanai 4,Comedy|Horror,"A man investigates his sister's mysterious death in a haunted village, encountering a shape-shifting spirit.",6.5,2024,/static/images/posters/387.jpg,Kollywood,1,1
388,Good Night,Comedy|Drama|Romance,A simple man's life is turned upside down because of his habit of loud snoring.,8.0,2023,/static/images/posters/388.jpg,Kollywood,0,1
389,Joe,Drama|Romance,"A young man struggles to recover from a tragic college love story, eventually entering an arranged marriage.",7.6,2023,/static/images/posters/389.jpg,Kollywood,0,1
390,Chithha,Drama|Thriller,"A loving uncle goes on a desperate search for his missing niece, confronting dark social issues.",8.5,2023,/static/images/posters/390.jpg,Kollywood,0,1
391,Dada,Drama|Comedy|Family,A young man is forced to raise his newborn child alone after his college girlfriend leaves him.,8.2,2023,/static/images/posters/391.jpg,Kollywood,0,1
392,Por Thozhil,Crime|Thriller|Mystery,An academically bright but faint-hearted rookie cop teams up with a hostile veteran to track a serial killer.,8.3,2023,/static/images/posters/392.jpg,Kollywood,1,1
393,Love Today,Comedy|Romance,A young couple is forced by the girl's father to swap their smartphones for a day before getting married.,8.1,2022,/static/images/posters/393.jpg,Kollywood,0,1
394,Jiivi,Thriller|Mystery,A man planning a robbery realizes that his life is mirroring the life of a person who lived in the past.,8.0,2019,/static/images/posters/394.jpg,Kollywood,0,0
395,Maanaadu,Action|Sci-Fi|Thriller,A common man and a corrupt police officer get stuck in a time loop on the day of a public conference.,8.3,2021,/static/images/posters/395.jpg,Kollywood,0,1
396,Vendhu Thanindhathu Kaadu,Action|Drama|Crime,"A young man from a village goes to Mumbai for work, eventually rising through the ranks of the underworld.",7.4,2022,/static/images/posters/396.jpg,Kollywood,0,1
397,Kaithi,Action|Thriller|Crime,A recently released prisoner is forced to drive a truck full of poisoned police officers to the hospital.,8.5,2019,/static/images/posters/397.jpg,Kollywood,0,1
398,Theeran Adhigaaram Ondru,Action|Crime|Thriller,An honest police officer leads a team to Rajasthan to capture a brutal gang of highway dacoits.,8.3,2017,/static/images/posters/398.jpg,Kollywood,0,1
399,96,Romance|Drama,"Two high school sweethearts meet at a reunion after 22 years, recalling their feelings.",8.6,2018,/static/images/posters/399.jpg,Kollywood,0,1
400,Pariyerum Perumal,Drama,"A law student from an underprivileged community forms a friendship with a classmate, facing severe discrimination.",8.8,2018,/static/images/posters/400.jpg,Kollywood,0,1
401,Breaking Bad,Crime|Drama|Thriller,A high school chemistry teacher turns to manufacturing methamphetamine.,9.5,2008,/static/images/posters/401.jpg,Web Series,1,1
402,Game of Thrones,Fantasy|Drama|Adventure,Nine noble families fight for control over the lands of Westeros.,9.2,2011,/static/images/posters/402.jpg,Web Series,1,1
403,Stranger Things,Sci-Fi|Drama|Mystery,"When a young boy vanishes, a small town uncovers a supernatural mystery.",8.7,2016,/static/images/posters/403.jpg,Web Series,1,1
404,Sherlock,Crime|Mystery|Drama,A modern update of the famous sleuth in 21st century London.,9.1,2010,/static/images/posters/404.jpg,Web Series,0,1
405,Chernobyl,Drama|History|Thriller,"In April 1986, an explosion at the Chernobyl nuclear power plant becomes a massive catastrophe.",9.4,2019,/static/images/posters/405.jpg,Web Series,1,1
406,The Wire,Crime|Drama|Thriller,"The Baltimore drug scene, as seen through the eyes of drug dealers and law enforcement.",9.3,2002,/static/images/posters/406.jpg,Web Series,0,1
407,The Sopranos,Crime|Drama,New Jersey mob boss Tony Soprano deals with personal and professional issues.,9.2,1999,/static/images/posters/407.jpg,Web Series,0,1
408,Friends,Comedy|Romance,Follows the personal and professional lives of six friends living in Manhattan.,8.9,1994,/static/images/posters/408.jpg,Web Series,0,1
409,The Office,Comedy,A mockumentary on a group of typical office workers at Dunder Mifflin.,9.0,2005,/static/images/posters/409.jpg,Web Series,0,1
410,Better Call Saul,Crime|Drama,The trials and tribulations of criminal lawyer Jimmy McGill.,8.9,2015,/static/images/posters/410.jpg,Web Series,0,1
411,Peaky Blinders,Crime|Drama,"A gangster family epic set in 1900s England, centering on Tommy Shelby.",8.8,2013,/static/images/posters/411.jpg,Web Series,0,1
412,Black Mirror,Sci-Fi|Drama|Thriller,"An anthology series exploring a twisted, high-tech multiverse.",8.7,2011,/static/images/posters/412.jpg,Web Series,0,1
413,Dark,Sci-Fi|Mystery|Thriller,"A family saga with a supernatural twist, set in a German town.",8.7,2017,/static/images/posters/413.jpg,Web Series,0,1
414,The Crown,Drama|History|Biography,Follows the political rivalries and romance of Queen Elizabeth II's reign.,8.6,2016,/static/images/posters/414.jpg,Web Series,0,1
415,House of the Dragon,Fantasy|Drama|Action,An internal succession war within House Targaryen at the height of its power.,8.4,2022,/static/images/posters/415.jpg,Web Series,1,1
416,Succession,Drama,The Roy family is known for controlling the biggest media and entertainment company.,8.9,2018,/static/images/posters/416.jpg,Web Series,1,1
417,The Last of Us,Sci-Fi|Action|Drama,"After a global pandemic destroys civilization, a survivor takes charge of a 14-year-old girl.",8.7,2023,/static/images/posters/417.jpg,Web Series,1,1
418,The Boys,Action|Sci-Fi|Comedy,A squad of vigilantes embark on a heroic quest to expose the truth about The Seven.,8.7,2019,/static/images/posters/418.jpg,Web Series,1,1
419,True Detective,Crime|Drama|Mystery,Seasonal anthology series in which police investigations unearth dark secrets.,8.9,2014,/static/images/posters/419.jpg,Web Series,0,1
420,Fargo,Crime|Drama|Thriller,"Various chronicles of deception, intrigue and murder in and around frozen Minnesota.",8.9,2014,/static/images/posters/420.jpg,Web Series,0,1
421,Narcos,Biography|Crime|Drama,A chronicled look at the criminal exploits of Colombian drug lord Pablo Escobar.,8.8,2015,/static/images/posters/421.jpg,Web Series,0,1
422,Westworld,Sci-Fi|Mystery|Drama,"At the intersection of the near future and the reimagined past, limits are explored.",8.5,2016,/static/images/posters/422.jpg,Web Series,0,1
423,Mindhunter,Crime|Drama|Thriller,"In the late 1970s, two FBI agents expand criminal science by delving into the psychology of murder.",8.6,2017,/static/images/posters/423.jpg,Web Series,0,1
424,The Mandalorian,Sci-Fi|Action|Adventure,The travels of a lone bounty hunter in the outer reaches of the galaxy.,8.6,2019,/static/images/posters/424.jpg,Web Series,0,1
425,Loki,Sci-Fi|Action|Adventure,The mercurial villain Loki resumes his role as the God of Mischief.,8.2,2021,/static/images/posters/425.jpg,Web Series,0,1
426,Suzhal: The Vortex,Crime|Mystery|Thriller,"In a small South Indian town, a minor case of factory arson escalates into a gripping search.",8.2,2022,/static/images/posters/426.jpg,Web Series,1,1
427,Vadhandhi: The Fable of Velonie,Crime|Mystery|Thriller,A dedicated cop gets obsessed with solving the murder of a beautiful young girl.,8.0,2022,/static/images/posters/427.jpg,Web Series,1,1
428,Vilangu,Crime|Mystery|Thriller,An honest sub-inspector at a police station struggles to solve a bizarre case.,8.1,2022,/static/images/posters/428.jpg,Web Series,0,1
429,Ayali,Drama|Social,A young girl in a conservative village fights against regressive traditions.,8.5,2023,/static/images/posters/429.jpg,Web Series,1,1
430,Sengalam,Political|Drama|Thriller,A gripping political thriller set in the heart of rural Tamil Nadu.,7.8,2023,/static/images/posters/430.jpg,Web Series,0,1
431,Modern Love Chennai,Romance|Drama|Comedy,An anthology of six diverse love stories set in the vibrant city of Chennai.,7.5,2023,/static/images/posters/431.jpg,Web Series,0,1
432,Vella Raja,Action|Crime|Drama,"A drug lord takes over a lodge in Chennai, resulting in a high-stakes standoff.",7.2,2018,/static/images/posters/432.jpg,Web Series,0,0
433,Triples,Comedy|Romance,Three friends get into a series of comedic misunderstandings while trying to run their startup.,7.3,2020,/static/images/posters/433.jpg,Web Series,0,1
434,November Story,Crime|Mystery|Thriller,A young ethical hacker attempts to save her father found next to a murder scene.,7.6,2021,/static/images/posters/434.jpg,Web Series,0,1
435,Queen,Biography|Drama,"Based on the life of a prominent political leader and actress, tracing her journey.",8.1,2019,/static/images/posters/435.jpg,Web Series,0,1
436,Asur,Crime|Mystery|Thriller,A unique psychological thriller which pits forensic science against mythology.,8.4,2020,/static/images/posters/436.jpg,Web Series,1,1
437,Sacred Games,Crime|Drama|Thriller,An honest cop in Mumbai receives a warning from a fugitive gang boss.,8.5,2018,/static/images/posters/437.jpg,Web Series,0,1
438,Mirzapur,Action|Crime|Drama,A shocking incident at a wedding procession entangles the lives of two brothers with a mafia boss.,8.5,2018,/static/images/posters/438.jpg,Web Series,1,1
439,The Family Man,Action|Comedy|Drama,A middle-class man secretly works as an intelligence officer.,8.7,2019,/static/images/posters/439.jpg,Web Series,1,1
440,Panchayat,Comedy|Drama,Abhishek joins as secretary of a Panchayat office in a remote village.,8.9,2020,/static/images/posters/440.jpg,Web Series,1,1
441,Kota Factory,Drama|Comedy,An inside look at the lives of students in Kota preparing for IIT exams.,9.0,2019,/static/images/posters/441.jpg,Web Series,0,1
442,Scam 1992: The Harshad Mehta Story,Biography|Drama|Crime,Follows the spectacular rise and fall of stockbroker Harshad Mehta.,9.3,2020,/static/images/posters/442.jpg,Web Series,1,1
443,Farzi,Crime|Comedy|Thriller,An artist who gets pulled into the task of designing counterfeit currency clashes with an officer.,8.4,2023,/static/images/posters/443.jpg,Web Series,1,1
444,Jubilee,Drama|History,A poetic chronicle of the golden age of Indian cinema.,8.3,2023,/static/images/posters/444.jpg,Web Series,0,1
445,Breathe,Crime|Drama|Thriller,A father goes to extreme lengths to save his dying son.,8.3,2018,/static/images/posters/445.jpg,Web Series,0,0
446,Paatal Lok,Crime|Drama|Thriller,A cynical inspector is tasked with investigating a high-profile case which leads him into the dark underworld.,8.5,2020,/static/images/posters/446.jpg,Web Series,0,1
447,Special OPS,Action|Thriller,Himmat Singh of Research and Analysis Wing draws similar patterns in terror attacks and is convinced a single person is behind them.,8.6,2020,/static/images/posters/447.jpg,Web Series,0,1
448,Delhi Crime,Crime|Drama,"Based on the Nirbhaya case, follows the Delhi Police investigation to find the men who committed the crime.",8.5,2019,/static/images/posters/448.jpg,Web Series,0,1
449,Gullak,Comedy|Drama|Family,"Set in a quaint north Indian town, revolves around the Mishra family and their daily struggles.",9.1,2019,/static/images/posters/449.jpg,Web Series,0,1
450,Aspirants,Drama,Follows the journey of three UPSC aspirants and their friendship over the years.,9.2,2021,/static/images/posters/450.jpg,Web Series,0,1
451,Rocket Boys,Drama|History|Biography,"The story of two extraordinary physicists, Homi Jehangir Bhabha and Vikram Ambalal Sarabhai, who made history while building India's nuclear program.",8.9,2022,/static/images/posters/451.jpg,Web Series,0,1
452,Taaza Khabar,Comedy|Drama|Fantasy,"A sanitation worker finds a magical power to predict the future, launching him into a life of wealth and crime.",8.1,2023,/static/images/posters/452.jpg,Web Series,0,1
453,The Railway Men,Drama|History,A tribute to the unsung heroes of the Bhopal Gas Leak disaster who saved hundreds of lives at the railway station.,8.5,2023,/static/images/posters/453.jpg,Web Series,1,1
454,Poacher,Crime|Drama|Thriller,A group of NGO workers and forest officers risk their lives to expose an international ivory poaching ring.,8.4,2024,/static/images/posters/454.jpg,Web Series,1,1
455,Dhootha,Thriller|Horror|Mystery,"A journalist is haunted by newspapers that predict tragic accidents, leading him to uncover a dark past.",8.0,2023,/static/images/posters/455.jpg,Web Series,0,1
456,Saas Bahu Aur Flamingo,Action|Crime|Drama,A matriarch runs a massive drug cartel under the cover of a traditional handicraft business.,7.8,2023,/static/images/posters/456.jpg,Web Series,0,1
457,Guns & Gulaabs,Comedy|Crime|Thriller,"In a lawless town, a high-stakes drug deal entangles a cop, a lovesick mechanic, and a ruthless assassin.",7.7,2023,/static/images/posters/457.jpg,Web Series,1,1
458,Killer Soup,Comedy|Crime|Drama,"An incompetent home chef conspiracies to replace her husband with her lover, launching a chaotic series of events.",7.1,2024,/static/images/posters/458.jpg,Web Series,1,1
459,Indian Police Force,Action|Crime|Drama,Follows Delhi Police officers as they track down a terrorist who has executed serial bombings.,5.3,2024,/static/images/posters/459.jpg,Web Series,1,1
460,Aarya,Action|Crime|Drama,A mother joins the drug trade to protect her children and seek revenge for her husband's murder.,7.8,2020,/static/images/posters/460.jpg,Web Series,0,1
461,Aranyak,Crime|Mystery|Thriller,Two local cops investigate the rape and murder of a foreign teenager in a haunted Himalayan forest.,7.8,2021,/static/images/posters/461.jpg,Web Series,0,1
462,Yeh Meri Family,Comedy|Drama|Family,A nostalgic look at the life of a 12-year-old boy in a middle-class family during the 1990s.,9.0,2018,/static/images/posters/462.jpg,Web Series,0,1
463,TVF Pitchers,Comedy|Drama,"Four friends quit their jobs to start their own tech startup, navigating VC funding and business issues.",9.1,2015,/static/images/posters/463.jpg,Web Series,0,1
464,Permanent Roommates,Comedy|Romance,A young couple who have been in a long-distance relationship face the realities of moving in together.,8.6,2014,/static/images/posters/464.jpg,Web Series,0,1
465,TVF Tripling,Comedy|Drama,Three siblings embark on a hilarious road trip to resolve their personal crises.,8.5,2016,/static/images/posters/465.jpg,Web Series,0,1
466,Bandish Bandits,Drama|Music|Romance,"A classical singer and a pop star team up, clashing with traditional ideals and family legacies.",8.6,2020,/static/images/posters/466.jpg,Web Series,0,1
467,Made in Heaven,Drama|Romance,"Two wedding planners in Delhi navigate the marriages, secrets, and hypocrisies of the wealthy class.",8.3,2019,/static/images/posters/467.jpg,Web Series,0,1
468,Four More Shots Please!,Comedy|Drama|Romance,"Four female friends in Mumbai navigate relationships, careers, and personal growth.",6.9,2019,/static/images/posters/468.jpg,Web Series,0,0
469,Inside Edge,Action|Drama|Sports,"The dark side of professional cricket, exploring match-fixing, drug use, and corporate greed.",7.9,2017,/static/images/posters/469.jpg,Web Series,0,1
470,Tandav,Drama|Thriller,A dark political thriller exploring the power struggles and betrayals in the capital city.,6.0,2021,/static/images/posters/470.jpg,Web Series,0,0
471,Fingertip,Crime|Drama|Thriller,An anthology exploring the dark side of social media and its impact on human lives.,7.2,2019,/static/images/posters/471.jpg,Web Series,0,0
472,Auto Shankar,Biography|Crime|Drama,The rise and fall of the notorious Chennai gangster and serial killer Auto Shankar in the 1980s.,7.6,2019,/static/images/posters/472.jpg,Web Series,0,1
473,Mathya Chennai,Action|Crime|Drama,A crime thriller centered on local gangs fighting for control over North Chennai.,6.5,2021,/static/images/posters/473.jpg,Web Series,0,0
474,Time Enna Boss,Comedy|Sci-Fi,A simple IT employee finds four time travelers from different eras living in his apartment.,5.0,2020,/static/images/posters/474.jpg,Web Series,0,0
475,Iru Dhuruvam,Crime|Mystery|Thriller,A special investigator tracks down a serial killer who leaves quotes from Thirukkural at crime scenes.,7.8,2019,/static/images/posters/475.jpg,Web Series,0,1
476,Label,Action|Drama,A young lawyer fights against the labels forced upon him by society and his neighborhood.,7.5,2023,/static/images/posters/476.jpg,Web Series,0,1
477,Thalaimai Seyalagam,Political|Drama|Thriller,A high-stakes political drama revolving around the Chief Minister of Tamil Nadu and a corruption trial.,7.1,2024,/static/images/posters/477.jpg,Web Series,1,1
478,WandaVision,Sci-Fi|Action|Fantasy,Blends the style of classic sitcoms with the Marvel Cinematic Universe in which Wanda Maximoff and Vision live.,7.9,2021,/static/images/posters/478.jpg,Web Series,0,1
479,Daredevil,Action|Crime|Sci-Fi,A blind lawyer by day fights crime by night as a costumed vigilante in Hell's Kitchen.,8.6,2015,/static/images/posters/479.jpg,Web Series,0,1
480,Band of Brothers,Drama|War|History,The story of Easy Company of the U.S. Army 101st Airborne Division during World War II.,9.4,2001,/static/images/posters/480.jpg,Web Series,0,1
481,Avatar: The Last Airbender TV,Animation|Action|Adventure,The legendary animated series following Aang.,9.3,2005,/static/images/posters/481.jpg,Web Series,0,1
482,Firefly,Sci-Fi|Adventure,"Five hundred years in the future, a renegade crew aboard a small spacecraft travels the edges of the galaxy.",8.9,2002,/static/images/posters/482.jpg,Web Series,0,1
483,Mad Men,Drama,A drama about one of New York's most prestigious ad agencies in the beginning of the 1960s.,8.7,2007,/static/images/posters/483.jpg,Web Series,0,1
484,Arrested Development,Comedy,A wealthy family that lost everything is forced to stay together under their level-headed son.,8.7,2003,/static/images/posters/484.jpg,Web Series,0,1
485,Seinfeld,Comedy,The continuing misadventures of neurotic New York stand-up comedian Jerry Seinfeld and his friends.,8.9,1989,/static/images/posters/485.jpg,Web Series,0,1
486,The Big Bang Theory,Comedy|Romance,A woman who moves into an apartment across the hall from two brilliant physicists shows them how little they know.,8.1,2007,/static/images/posters/486.jpg,Web Series,0,1
487,Modern Family,Comedy|Romance,Three different but related families face trials in their own unique ways.,8.5,2009,/static/images/posters/487.jpg,Web Series,0,1
488,Brooklyn Nine-Nine,Comedy|Crime,"Follows the exploits of hilarious Det. Jake Peralta and his diverse, lovable colleagues.",8.4,2013,/static/images/posters/488.jpg,Web Series,0,1
489,Narcos: Mexico,Biography|Crime|Drama,The rise of the Guadalajara Cartel in the 1980s as Felix Gallardo unifies traffickers.,8.4,2018,/static/images/posters/489.jpg,Web Series,0,1
490,Squid Game,Action|Drama|Mystery,Hundreds of cash-strapped players accept a strange invitation to compete in children's games with deadly stakes.,8.0,2021,/static/images/posters/490.jpg,Web Series,0,1
491,Money Heist,Action|Crime|Drama,An unusual group of robbers attempt to carry out the most perfect heist in Spanish history.,8.2,2017,/static/images/posters/491.jpg,Web Series,0,1
492,Elite,Crime|Drama|Thriller,"Three working-class teens enroll in an exclusive private school in Spain, leading to a clash and murder.",7.2,2018,/static/images/posters/492.jpg,Web Series,0,1
493,Lupin,Action|Crime|Mystery,"Inspired by the adventures of Arsene Lupin, gentleman thief Assane Diop sets out to avenge his father.",7.5,2021,/static/images/posters/493.jpg,Web Series,0,1
494,The Witcher,Fantasy|Action|Adventure,"Geralt of Rivia, a mutated monster-hunter for hire, journeys toward his destiny.",8.0,2019,/static/images/posters/494.jpg,Web Series,0,1
495,Sex Education,Comedy|Drama,A teenage boy with a sex therapist mother teams up with a classmate to set up an underground clinic.,8.3,2019,/static/images/posters/495.jpg,Web Series,0,1
496,Wednesday,Comedy|Fantasy|Mystery,Follows Wednesday Addams' years as a student at Nevermore Academy as she attempts to master her psychic ability.,8.1,2022,/static/images/posters/496.jpg,Web Series,0,1
497,The Sandman,Sci-Fi|Fantasy|Drama,"Upon escaping after decades of imprisonment, Morpheus, the King of Dreams, embarks on a journey to reclaim his lost objects.",7.7,2022,/static/images/posters/497.jpg,Web Series,0,1
498,Beef,Comedy|Drama,"Two people let a road rage incident burrow into their minds, slowly consuming their every thought and action.",8.0,2023,/static/images/posters/498.jpg,Web Series,0,1
499,Shogun,Drama|History|War,"When a mysterious English ship is found stranded in a nearby fishing village, Lord Toranaga discovers secrets.",8.7,2024,/static/images/posters/499.jpg,Web Series,1,1
500,Fallout,Sci-Fi|Action|Adventure,"In a future, post-apocalyptic Los Angeles, citizens must live in subterranean bunkers to protect themselves from radiation.",8.4,2024,/static/images/posters/500.jpg,Web Series,1,1
